path,classes
D:/cv_learn/projectI/Dataset/train/rabbits/rabbits000.jpg,0
D:/cv_learn/projectI/Dataset/train/rabbits/rabbits001.jpg,0
D:/cv_learn/projectI/Dataset/train/rabbits/rabbits002.jpg,0
D:/cv_learn/projectI/Dataset/train/rabbits/rabbits003.jpg,0
D:/cv_learn/projectI/Dataset/train/rabbits/rabbits004.jpg,0
D:/cv_learn/projectI/Dataset/train/rabbits/rabbits005.jpg,0
D:/cv_learn/projectI/Dataset/train/rabbits/rabbits006.jpg,0
D:/cv_learn/projectI/Dataset/train/rabbits/rabbits007.jpg,0
D:/cv_learn/projectI/Dataset/train/rabbits/rabbits008.jpg,0
D:/cv_learn/projectI/Dataset/train/rabbits/rabbits009.jpg,0
D:/cv_learn/projectI/Dataset/train/rabbits/rabbits010.jpg,0
D:/cv_learn/projectI/Dataset/train/rabbits/rabbits011.jpg,0
D:/cv_learn/projectI/Dataset/train/rabbits/rabbits012.jpg,0
D:/cv_learn/projectI/Dataset/train/rabbits/rabbits013.jpg,0
D:/cv_learn/projectI/Dataset/train/rabbits/rabbits014.jpg,0
D:/cv_learn/projectI/Dataset/train/rabbits/rabbits015.jpg,0
D:/cv_learn/projectI/Dataset/train/rabbits/rabbits016.jpg,0
D:/cv_learn/projectI/Dataset/train/rabbits/rabbits017.jpg,0
D:/cv_learn/projectI/Dataset/train/rabbits/rabbits018.jpg,0
D:/cv_learn/projectI/Dataset/train/rabbits/rabbits019.jpg,0
D:/cv_learn/projectI/Dataset/train/rabbits/rabbits020.jpg,0
D:/cv_learn/projectI/Dataset/train/rabbits/rabbits021.jpg,0
D:/cv_learn/projectI/Dataset/train/rabbits/rabbits022.jpg,0
D:/cv_learn/projectI/Dataset/train/rabbits/rabbits023.jpg,0
D:/cv_learn/projectI/Dataset/train/rabbits/rabbits024.jpg,0
D:/cv_learn/projectI/Dataset/train/rabbits/rabbits025.jpg,0
D:/cv_learn/projectI/Dataset/train/rabbits/rabbits026.jpg,0
D:/cv_learn/projectI/Dataset/train/rabbits/rabbits027.jpg,0
D:/cv_learn/projectI/Dataset/train/rabbits/rabbits028.jpg,0
D:/cv_learn/projectI/Dataset/train/rabbits/rabbits029.jpg,0
D:/cv_learn/projectI/Dataset/train/rabbits/rabbits030.jpg,0
D:/cv_learn/projectI/Dataset/train/rabbits/rabbits031.jpg,0
D:/cv_learn/projectI/Dataset/train/rabbits/rabbits032.jpg,0
D:/cv_learn/projectI/Dataset/train/rabbits/rabbits033.jpg,0
D:/cv_learn/projectI/Dataset/train/rabbits/rabbits034.jpg,0
D:/cv_learn/projectI/Dataset/train/rabbits/rabbits035.jpg,0
D:/cv_learn/projectI/Dataset/train/rabbits/rabbits036.jpg,0
D:/cv_learn/projectI/Dataset/train/rabbits/rabbits037.jpg,0
D:/cv_learn/projectI/Dataset/train/rabbits/rabbits038.jpg,0
D:/cv_learn/projectI/Dataset/train/rabbits/rabbits039.jpg,0
D:/cv_learn/projectI/Dataset/train/rabbits/rabbits040.jpg,0
D:/cv_learn/projectI/Dataset/train/rabbits/rabbits041.jpg,0
D:/cv_learn/projectI/Dataset/train/rabbits/rabbits042.jpg,0
D:/cv_learn/projectI/Dataset/train/rabbits/rabbits043.jpg,0
D:/cv_learn/projectI/Dataset/train/rabbits/rabbits044.jpg,0
D:/cv_learn/projectI/Dataset/train/rabbits/rabbits045.jpg,0
D:/cv_learn/projectI/Dataset/train/rabbits/rabbits046.jpg,0
D:/cv_learn/projectI/Dataset/train/rabbits/rabbits047.jpg,0
D:/cv_learn/projectI/Dataset/train/rabbits/rabbits048.jpg,0
D:/cv_learn/projectI/Dataset/train/rabbits/rabbits049.jpg,0
D:/cv_learn/projectI/Dataset/train/rabbits/rabbits050.jpg,0
D:/cv_learn/projectI/Dataset/train/rabbits/rabbits051.jpg,0
D:/cv_learn/projectI/Dataset/train/rabbits/rabbits052.jpg,0
D:/cv_learn/projectI/Dataset/train/rabbits/rabbits053.jpg,0
D:/cv_learn/projectI/Dataset/train/rabbits/rabbits054.jpg,0
D:/cv_learn/projectI/Dataset/train/rabbits/rabbits055.jpg,0
D:/cv_learn/projectI/Dataset/train/rabbits/rabbits056.jpg,0
D:/cv_learn/projectI/Dataset/train/rabbits/rabbits057.jpg,0
D:/cv_learn/projectI/Dataset/train/rabbits/rabbits058.jpg,0
D:/cv_learn/projectI/Dataset/train/rabbits/rabbits059.jpg,0
D:/cv_learn/projectI/Dataset/train/rabbits/rabbits060.jpg,0
D:/cv_learn/projectI/Dataset/train/rabbits/rabbits061.jpg,0
D:/cv_learn/projectI/Dataset/train/rabbits/rabbits062.jpg,0
D:/cv_learn/projectI/Dataset/train/rabbits/rabbits063.jpg,0
D:/cv_learn/projectI/Dataset/train/rabbits/rabbits064.jpg,0
D:/cv_learn/projectI/Dataset/train/rabbits/rabbits065.jpg,0
D:/cv_learn/projectI/Dataset/train/rabbits/rabbits066.jpg,0
D:/cv_learn/projectI/Dataset/train/rabbits/rabbits067.jpg,0
D:/cv_learn/projectI/Dataset/train/rabbits/rabbits068.jpg,0
D:/cv_learn/projectI/Dataset/train/rabbits/rabbits069.jpg,0
D:/cv_learn/projectI/Dataset/train/rabbits/rabbits070.jpg,0
D:/cv_learn/projectI/Dataset/train/rabbits/rabbits071.jpg,0
D:/cv_learn/projectI/Dataset/train/rabbits/rabbits072.jpg,0
D:/cv_learn/projectI/Dataset/train/rabbits/rabbits073.jpg,0
D:/cv_learn/projectI/Dataset/train/rabbits/rabbits074.jpg,0
D:/cv_learn/projectI/Dataset/train/rabbits/rabbits075.jpg,0
D:/cv_learn/projectI/Dataset/train/rabbits/rabbits076.jpg,0
D:/cv_learn/projectI/Dataset/train/rabbits/rabbits077.jpg,0
D:/cv_learn/projectI/Dataset/train/rabbits/rabbits078.jpg,0
D:/cv_learn/projectI/Dataset/train/rabbits/rabbits079.jpg,0
D:/cv_learn/projectI/Dataset/train/rabbits/rabbits080.jpg,0
D:/cv_learn/projectI/Dataset/train/rabbits/rabbits081.jpg,0
D:/cv_learn/projectI/Dataset/train/rabbits/rabbits082.jpg,0
D:/cv_learn/projectI/Dataset/train/rabbits/rabbits083.jpg,0
D:/cv_learn/projectI/Dataset/train/rabbits/rabbits084.jpg,0
D:/cv_learn/projectI/Dataset/train/rabbits/rabbits085.jpg,0
D:/cv_learn/projectI/Dataset/train/rabbits/rabbits086.jpg,0
D:/cv_learn/projectI/Dataset/train/rabbits/rabbits087.jpg,0
D:/cv_learn/projectI/Dataset/train/rabbits/rabbits088.jpg,0
D:/cv_learn/projectI/Dataset/train/rabbits/rabbits089.jpg,0
D:/cv_learn/projectI/Dataset/train/rabbits/rabbits090.jpg,0
D:/cv_learn/projectI/Dataset/train/rabbits/rabbits091.jpg,0
D:/cv_learn/projectI/Dataset/train/rabbits/rabbits092.jpg,0
D:/cv_learn/projectI/Dataset/train/rabbits/rabbits093.jpg,0
D:/cv_learn/projectI/Dataset/train/rabbits/rabbits094.jpg,0
D:/cv_learn/projectI/Dataset/train/rabbits/rabbits095.jpg,0
D:/cv_learn/projectI/Dataset/train/rabbits/rabbits096.jpg,0
D:/cv_learn/projectI/Dataset/train/rabbits/rabbits097.jpg,0
D:/cv_learn/projectI/Dataset/train/rabbits/rabbits098.jpg,0
D:/cv_learn/projectI/Dataset/train/rabbits/rabbits099.jpg,0
D:/cv_learn/projectI/Dataset/train/rabbits/rabbits100.jpg,0
D:/cv_learn/projectI/Dataset/train/rabbits/rabbits101.jpg,0
D:/cv_learn/projectI/Dataset/train/rabbits/rabbits102.jpg,0
D:/cv_learn/projectI/Dataset/train/rabbits/rabbits103.jpg,0
D:/cv_learn/projectI/Dataset/train/rabbits/rabbits104.jpg,0
D:/cv_learn/projectI/Dataset/train/rabbits/rabbits105.jpg,0
D:/cv_learn/projectI/Dataset/train/rabbits/rabbits106.jpg,0
D:/cv_learn/projectI/Dataset/train/rabbits/rabbits107.jpg,0
D:/cv_learn/projectI/Dataset/train/rabbits/rabbits108.jpg,0
D:/cv_learn/projectI/Dataset/train/rabbits/rabbits109.jpg,0
D:/cv_learn/projectI/Dataset/train/rabbits/rabbits110.jpg,0
D:/cv_learn/projectI/Dataset/train/rabbits/rabbits111.jpg,0
D:/cv_learn/projectI/Dataset/train/rabbits/rabbits112.jpg,0
D:/cv_learn/projectI/Dataset/train/rabbits/rabbits113.jpg,0
D:/cv_learn/projectI/Dataset/train/rabbits/rabbits114.jpg,0
D:/cv_learn/projectI/Dataset/train/rabbits/rabbits115.jpg,0
D:/cv_learn/projectI/Dataset/train/rabbits/rabbits116.jpg,0
D:/cv_learn/projectI/Dataset/train/rabbits/rabbits117.jpg,0
D:/cv_learn/projectI/Dataset/train/rabbits/rabbits118.jpg,0
D:/cv_learn/projectI/Dataset/train/rabbits/rabbits119.jpg,0
D:/cv_learn/projectI/Dataset/train/rabbits/rabbits120.jpg,0
D:/cv_learn/projectI/Dataset/train/rabbits/rabbits121.jpg,0
D:/cv_learn/projectI/Dataset/train/rabbits/rabbits122.jpg,0
D:/cv_learn/projectI/Dataset/train/rabbits/rabbits123.jpg,0
D:/cv_learn/projectI/Dataset/train/rabbits/rabbits124.jpg,0
D:/cv_learn/projectI/Dataset/train/rabbits/rabbits125.jpg,0
D:/cv_learn/projectI/Dataset/train/rabbits/rabbits126.jpg,0
D:/cv_learn/projectI/Dataset/train/rabbits/rabbits127.jpg,0
D:/cv_learn/projectI/Dataset/train/rabbits/rabbits128.jpg,0
D:/cv_learn/projectI/Dataset/train/rabbits/rabbits129.jpg,0
D:/cv_learn/projectI/Dataset/train/rabbits/rabbits130.jpg,0
D:/cv_learn/projectI/Dataset/train/rabbits/rabbits131.jpg,0
D:/cv_learn/projectI/Dataset/train/rabbits/rabbits132.jpg,0
D:/cv_learn/projectI/Dataset/train/rabbits/rabbits133.jpg,0
D:/cv_learn/projectI/Dataset/train/rabbits/rabbits134.jpg,0
D:/cv_learn/projectI/Dataset/train/rabbits/rabbits135.jpg,0
D:/cv_learn/projectI/Dataset/train/rabbits/rabbits136.jpg,0
D:/cv_learn/projectI/Dataset/train/rabbits/rabbits137.jpg,0
D:/cv_learn/projectI/Dataset/train/rabbits/rabbits138.jpg,0
D:/cv_learn/projectI/Dataset/train/rabbits/rabbits139.jpg,0
D:/cv_learn/projectI/Dataset/train/rabbits/rabbits140.jpg,0
D:/cv_learn/projectI/Dataset/train/rabbits/rabbits141.jpg,0
D:/cv_learn/projectI/Dataset/train/rabbits/rabbits142.jpg,0
D:/cv_learn/projectI/Dataset/train/rabbits/rabbits143.jpg,0
D:/cv_learn/projectI/Dataset/train/rabbits/rabbits144.jpg,0
D:/cv_learn/projectI/Dataset/train/rabbits/rabbits145.jpg,0
D:/cv_learn/projectI/Dataset/train/rabbits/rabbits146.jpg,0
D:/cv_learn/projectI/Dataset/train/rabbits/rabbits147.jpg,0
D:/cv_learn/projectI/Dataset/train/rabbits/rabbits148.jpg,0
D:/cv_learn/projectI/Dataset/train/rabbits/rabbits149.jpg,0
D:/cv_learn/projectI/Dataset/train/rabbits/rabbits150.jpg,0
D:/cv_learn/projectI/Dataset/train/rabbits/rabbits151.jpg,0
D:/cv_learn/projectI/Dataset/train/rabbits/rabbits152.jpg,0
D:/cv_learn/projectI/Dataset/train/rabbits/rabbits153.jpg,0
D:/cv_learn/projectI/Dataset/train/rabbits/rabbits154.jpg,0
D:/cv_learn/projectI/Dataset/train/rabbits/rabbits155.jpg,0
D:/cv_learn/projectI/Dataset/train/rabbits/rabbits156.jpg,0
D:/cv_learn/projectI/Dataset/train/rabbits/rabbits157.jpg,0
D:/cv_learn/projectI/Dataset/train/rabbits/rabbits158.jpg,0
D:/cv_learn/projectI/Dataset/train/rabbits/rabbits159.jpg,0
D:/cv_learn/projectI/Dataset/train/rabbits/rabbits160.jpg,0
D:/cv_learn/projectI/Dataset/train/rabbits/rabbits161.jpg,0
D:/cv_learn/projectI/Dataset/train/rabbits/rabbits162.jpg,0
D:/cv_learn/projectI/Dataset/train/rabbits/rabbits163.jpg,0
D:/cv_learn/projectI/Dataset/train/rabbits/rabbits164.jpg,0
D:/cv_learn/projectI/Dataset/train/rabbits/rabbits165.jpg,0
D:/cv_learn/projectI/Dataset/train/rabbits/rabbits166.jpg,0
D:/cv_learn/projectI/Dataset/train/rabbits/rabbits167.jpg,0
D:/cv_learn/projectI/Dataset/train/rabbits/rabbits168.jpg,0
D:/cv_learn/projectI/Dataset/train/rabbits/rabbits169.jpg,0
D:/cv_learn/projectI/Dataset/train/rabbits/rabbits170.jpg,0
D:/cv_learn/projectI/Dataset/train/rabbits/rabbits171.jpg,0
D:/cv_learn/projectI/Dataset/train/rabbits/rabbits172.jpg,0
D:/cv_learn/projectI/Dataset/train/rabbits/rabbits173.jpg,0
D:/cv_learn/projectI/Dataset/train/rabbits/rabbits174.jpg,0
D:/cv_learn/projectI/Dataset/train/rabbits/rabbits175.jpg,0
D:/cv_learn/projectI/Dataset/train/rabbits/rabbits176.jpg,0
D:/cv_learn/projectI/Dataset/train/rabbits/rabbits177.jpg,0
D:/cv_learn/projectI/Dataset/train/rabbits/rabbits178.jpg,0
D:/cv_learn/projectI/Dataset/train/rabbits/rabbits179.jpg,0
D:/cv_learn/projectI/Dataset/train/rabbits/rabbits180.jpg,0
D:/cv_learn/projectI/Dataset/train/rabbits/rabbits181.jpg,0
D:/cv_learn/projectI/Dataset/train/rabbits/rabbits182.jpg,0
D:/cv_learn/projectI/Dataset/train/rabbits/rabbits183.jpg,0
D:/cv_learn/projectI/Dataset/train/rabbits/rabbits184.jpg,0
D:/cv_learn/projectI/Dataset/train/rabbits/rabbits185.jpg,0
D:/cv_learn/projectI/Dataset/train/rabbits/rabbits186.jpg,0
D:/cv_learn/projectI/Dataset/train/rabbits/rabbits187.jpg,0
D:/cv_learn/projectI/Dataset/train/rabbits/rabbits188.jpg,0
D:/cv_learn/projectI/Dataset/train/rabbits/rabbits189.jpg,0
D:/cv_learn/projectI/Dataset/train/rabbits/rabbits190.jpg,0
D:/cv_learn/projectI/Dataset/train/rabbits/rabbits191.jpg,0
D:/cv_learn/projectI/Dataset/train/rabbits/rabbits192.jpg,0
D:/cv_learn/projectI/Dataset/train/rabbits/rabbits193.jpg,0
D:/cv_learn/projectI/Dataset/train/rabbits/rabbits194.jpg,0
D:/cv_learn/projectI/Dataset/train/rabbits/rabbits195.jpg,0
D:/cv_learn/projectI/Dataset/train/rabbits/rabbits196.jpg,0
D:/cv_learn/projectI/Dataset/train/rabbits/rabbits197.jpg,0
D:/cv_learn/projectI/Dataset/train/rabbits/rabbits198.jpg,0
D:/cv_learn/projectI/Dataset/train/rabbits/rabbits199.jpg,0
D:/cv_learn/projectI/Dataset/train/rabbits/rabbits200.jpg,0
D:/cv_learn/projectI/Dataset/train/rabbits/rabbits201.jpg,0
D:/cv_learn/projectI/Dataset/train/rabbits/rabbits202.jpg,0
D:/cv_learn/projectI/Dataset/train/rabbits/rabbits203.jpg,0
D:/cv_learn/projectI/Dataset/train/rabbits/rabbits204.jpg,0
D:/cv_learn/projectI/Dataset/train/rabbits/rabbits205.jpg,0
D:/cv_learn/projectI/Dataset/train/rabbits/rabbits206.jpg,0
D:/cv_learn/projectI/Dataset/train/rabbits/rabbits207.jpg,0
D:/cv_learn/projectI/Dataset/train/rabbits/rabbits208.jpg,0
D:/cv_learn/projectI/Dataset/train/rabbits/rabbits209.jpg,0
D:/cv_learn/projectI/Dataset/train/rabbits/rabbits210.jpg,0
D:/cv_learn/projectI/Dataset/train/rabbits/rabbits211.jpg,0
D:/cv_learn/projectI/Dataset/train/rabbits/rabbits212.jpg,0
D:/cv_learn/projectI/Dataset/train/rabbits/rabbits213.jpg,0
D:/cv_learn/projectI/Dataset/train/rabbits/rabbits214.jpg,0
D:/cv_learn/projectI/Dataset/train/rabbits/rabbits215.jpg,0
D:/cv_learn/projectI/Dataset/train/rabbits/rabbits216.jpg,0
D:/cv_learn/projectI/Dataset/train/rabbits/rabbits217.jpg,0
D:/cv_learn/projectI/Dataset/train/rabbits/rabbits218.jpg,0
D:/cv_learn/projectI/Dataset/train/rabbits/rabbits219.jpg,0
D:/cv_learn/projectI/Dataset/train/rabbits/rabbits220.jpg,0
D:/cv_learn/projectI/Dataset/train/rabbits/rabbits221.jpg,0
D:/cv_learn/projectI/Dataset/train/rabbits/rabbits222.jpg,0
D:/cv_learn/projectI/Dataset/train/rabbits/rabbits223.jpg,0
D:/cv_learn/projectI/Dataset/train/rabbits/rabbits224.jpg,0
D:/cv_learn/projectI/Dataset/train/rabbits/rabbits225.jpg,0
D:/cv_learn/projectI/Dataset/train/rabbits/rabbits226.jpg,0
D:/cv_learn/projectI/Dataset/train/rabbits/rabbits227.jpg,0
D:/cv_learn/projectI/Dataset/train/rabbits/rabbits228.jpg,0
D:/cv_learn/projectI/Dataset/train/rabbits/rabbits229.jpg,0
D:/cv_learn/projectI/Dataset/train/rabbits/rabbits230.jpg,0
D:/cv_learn/projectI/Dataset/train/rabbits/rabbits231.jpg,0
D:/cv_learn/projectI/Dataset/train/rabbits/rabbits232.jpg,0
D:/cv_learn/projectI/Dataset/train/rabbits/rabbits233.jpg,0
D:/cv_learn/projectI/Dataset/train/rabbits/rabbits234.jpg,0
D:/cv_learn/projectI/Dataset/train/rabbits/rabbits235.jpg,0
D:/cv_learn/projectI/Dataset/train/rabbits/rabbits236.jpg,0
D:/cv_learn/projectI/Dataset/train/rabbits/rabbits237.jpg,0
D:/cv_learn/projectI/Dataset/train/rabbits/rabbits238.jpg,0
D:/cv_learn/projectI/Dataset/train/rabbits/rabbits239.jpg,0
D:/cv_learn/projectI/Dataset/train/rabbits/rabbits240.jpg,0
D:/cv_learn/projectI/Dataset/train/rabbits/rabbits241.jpg,0
D:/cv_learn/projectI/Dataset/train/rabbits/rabbits242.jpg,0
D:/cv_learn/projectI/Dataset/train/rabbits/rabbits243.jpg,0
D:/cv_learn/projectI/Dataset/train/rabbits/rabbits244.jpg,0
D:/cv_learn/projectI/Dataset/train/rabbits/rabbits245.jpg,0
D:/cv_learn/projectI/Dataset/train/rabbits/rabbits246.jpg,0
D:/cv_learn/projectI/Dataset/train/rabbits/rabbits247.jpg,0
D:/cv_learn/projectI/Dataset/train/rabbits/rabbits248.jpg,0
D:/cv_learn/projectI/Dataset/train/rabbits/rabbits249.jpg,0
D:/cv_learn/projectI/Dataset/train/rabbits/rabbits250.jpg,0
D:/cv_learn/projectI/Dataset/train/rabbits/rabbits251.jpg,0
D:/cv_learn/projectI/Dataset/train/rabbits/rabbits252.jpg,0
D:/cv_learn/projectI/Dataset/train/rabbits/rabbits253.jpg,0
D:/cv_learn/projectI/Dataset/train/rabbits/rabbits254.jpg,0
D:/cv_learn/projectI/Dataset/train/rabbits/rabbits255.jpg,0
D:/cv_learn/projectI/Dataset/train/rabbits/rabbits256.jpg,0
D:/cv_learn/projectI/Dataset/train/rabbits/rabbits257.jpg,0
D:/cv_learn/projectI/Dataset/train/rabbits/rabbits258.jpg,0
D:/cv_learn/projectI/Dataset/train/rabbits/rabbits259.jpg,0
D:/cv_learn/projectI/Dataset/train/rabbits/rabbits260.jpg,0
D:/cv_learn/projectI/Dataset/train/rabbits/rabbits261.jpg,0
D:/cv_learn/projectI/Dataset/train/rabbits/rabbits262.jpg,0
D:/cv_learn/projectI/Dataset/train/rabbits/rabbits263.jpg,0
D:/cv_learn/projectI/Dataset/train/rabbits/rabbits264.jpg,0
D:/cv_learn/projectI/Dataset/train/rabbits/rabbits265.jpg,0
D:/cv_learn/projectI/Dataset/train/rabbits/rabbits266.jpg,0
D:/cv_learn/projectI/Dataset/train/rabbits/rabbits267.jpg,0
D:/cv_learn/projectI/Dataset/train/rabbits/rabbits268.jpg,0
D:/cv_learn/projectI/Dataset/train/rabbits/rabbits269.jpg,0
D:/cv_learn/projectI/Dataset/train/rabbits/rabbits270.jpg,0
D:/cv_learn/projectI/Dataset/train/rabbits/rabbits271.jpg,0
D:/cv_learn/projectI/Dataset/train/rabbits/rabbits272.jpg,0
D:/cv_learn/projectI/Dataset/train/rabbits/rabbits273.jpg,0
D:/cv_learn/projectI/Dataset/train/rabbits/rabbits274.jpg,0
D:/cv_learn/projectI/Dataset/train/rabbits/rabbits275.jpg,0
D:/cv_learn/projectI/Dataset/train/rabbits/rabbits276.jpg,0
D:/cv_learn/projectI/Dataset/train/rabbits/rabbits277.jpg,0
D:/cv_learn/projectI/Dataset/train/rabbits/rabbits278.jpg,0
D:/cv_learn/projectI/Dataset/train/rabbits/rabbits279.jpg,0
D:/cv_learn/projectI/Dataset/train/rabbits/rabbits280.jpg,0
D:/cv_learn/projectI/Dataset/train/rabbits/rabbits281.jpg,0
D:/cv_learn/projectI/Dataset/train/rabbits/rabbits282.jpg,0
D:/cv_learn/projectI/Dataset/train/rabbits/rabbits283.jpg,0
D:/cv_learn/projectI/Dataset/train/rabbits/rabbits284.jpg,0
D:/cv_learn/projectI/Dataset/train/rabbits/rabbits285.jpg,0
D:/cv_learn/projectI/Dataset/train/rabbits/rabbits286.jpg,0
D:/cv_learn/projectI/Dataset/train/rabbits/rabbits287.jpg,0
D:/cv_learn/projectI/Dataset/train/rabbits/rabbits288.jpg,0
D:/cv_learn/projectI/Dataset/train/rabbits/rabbits289.jpg,0
D:/cv_learn/projectI/Dataset/train/rabbits/rabbits290.jpg,0
D:/cv_learn/projectI/Dataset/train/rabbits/rabbits291.jpg,0
D:/cv_learn/projectI/Dataset/train/rabbits/rabbits292.jpg,0
D:/cv_learn/projectI/Dataset/train/rabbits/rabbits293.jpg,0
D:/cv_learn/projectI/Dataset/train/rabbits/rabbits294.jpg,0
D:/cv_learn/projectI/Dataset/train/rabbits/rabbits295.jpg,0
D:/cv_learn/projectI/Dataset/train/rabbits/rabbits296.jpg,0
D:/cv_learn/projectI/Dataset/train/rabbits/rabbits297.jpg,0
D:/cv_learn/projectI/Dataset/train/rabbits/rabbits298.jpg,0
D:/cv_learn/projectI/Dataset/train/rabbits/rabbits299.jpg,0
D:/cv_learn/projectI/Dataset/train/rabbits/rabbits300.jpg,0
D:/cv_learn/projectI/Dataset/train/rabbits/rabbits301.jpg,0
D:/cv_learn/projectI/Dataset/train/rabbits/rabbits302.jpg,0
D:/cv_learn/projectI/Dataset/train/rabbits/rabbits303.jpg,0
D:/cv_learn/projectI/Dataset/train/rabbits/rabbits304.jpg,0
D:/cv_learn/projectI/Dataset/train/rabbits/rabbits305.jpg,0
D:/cv_learn/projectI/Dataset/train/rabbits/rabbits306.jpg,0
D:/cv_learn/projectI/Dataset/train/rabbits/rabbits307.jpg,0
D:/cv_learn/projectI/Dataset/train/rabbits/rabbits308.jpg,0
D:/cv_learn/projectI/Dataset/train/rabbits/rabbits309.jpg,0
D:/cv_learn/projectI/Dataset/train/chickens/chickens000.jpg,1
D:/cv_learn/projectI/Dataset/train/chickens/chickens001.jpg,1
D:/cv_learn/projectI/Dataset/train/chickens/chickens002.jpg,1
D:/cv_learn/projectI/Dataset/train/chickens/chickens003.jpg,1
D:/cv_learn/projectI/Dataset/train/chickens/chickens004.jpg,1
D:/cv_learn/projectI/Dataset/train/chickens/chickens005.jpg,1
D:/cv_learn/projectI/Dataset/train/chickens/chickens006.jpg,1
D:/cv_learn/projectI/Dataset/train/chickens/chickens007.jpg,1
D:/cv_learn/projectI/Dataset/train/chickens/chickens008.jpg,1
D:/cv_learn/projectI/Dataset/train/chickens/chickens009.jpg,1
D:/cv_learn/projectI/Dataset/train/chickens/chickens010.jpg,1
D:/cv_learn/projectI/Dataset/train/chickens/chickens011.jpg,1
D:/cv_learn/projectI/Dataset/train/chickens/chickens012.jpg,1
D:/cv_learn/projectI/Dataset/train/chickens/chickens013.jpg,1
D:/cv_learn/projectI/Dataset/train/chickens/chickens014.jpg,1
D:/cv_learn/projectI/Dataset/train/chickens/chickens015.jpg,1
D:/cv_learn/projectI/Dataset/train/chickens/chickens016.jpg,1
D:/cv_learn/projectI/Dataset/train/chickens/chickens017.jpg,1
D:/cv_learn/projectI/Dataset/train/chickens/chickens018.jpg,1
D:/cv_learn/projectI/Dataset/train/chickens/chickens019.jpg,1
D:/cv_learn/projectI/Dataset/train/chickens/chickens020.jpg,1
D:/cv_learn/projectI/Dataset/train/chickens/chickens021.jpg,1
D:/cv_learn/projectI/Dataset/train/chickens/chickens022.jpg,1
D:/cv_learn/projectI/Dataset/train/chickens/chickens023.jpg,1
D:/cv_learn/projectI/Dataset/train/chickens/chickens024.jpg,1
D:/cv_learn/projectI/Dataset/train/chickens/chickens025.jpg,1
D:/cv_learn/projectI/Dataset/train/chickens/chickens026.jpg,1
D:/cv_learn/projectI/Dataset/train/chickens/chickens027.jpg,1
D:/cv_learn/projectI/Dataset/train/chickens/chickens028.jpg,1
D:/cv_learn/projectI/Dataset/train/chickens/chickens029.jpg,1
D:/cv_learn/projectI/Dataset/train/chickens/chickens030.jpg,1
D:/cv_learn/projectI/Dataset/train/chickens/chickens031.jpg,1
D:/cv_learn/projectI/Dataset/train/chickens/chickens032.jpg,1
D:/cv_learn/projectI/Dataset/train/chickens/chickens033.jpg,1
D:/cv_learn/projectI/Dataset/train/chickens/chickens034.jpg,1
D:/cv_learn/projectI/Dataset/train/chickens/chickens035.jpg,1
D:/cv_learn/projectI/Dataset/train/chickens/chickens036.jpg,1
D:/cv_learn/projectI/Dataset/train/chickens/chickens037.jpg,1
D:/cv_learn/projectI/Dataset/train/chickens/chickens038.jpg,1
D:/cv_learn/projectI/Dataset/train/chickens/chickens039.jpg,1
D:/cv_learn/projectI/Dataset/train/chickens/chickens040.jpg,1
D:/cv_learn/projectI/Dataset/train/chickens/chickens041.jpg,1
D:/cv_learn/projectI/Dataset/train/chickens/chickens042.jpg,1
D:/cv_learn/projectI/Dataset/train/chickens/chickens043.jpg,1
D:/cv_learn/projectI/Dataset/train/chickens/chickens044.jpg,1
D:/cv_learn/projectI/Dataset/train/chickens/chickens045.jpg,1
D:/cv_learn/projectI/Dataset/train/chickens/chickens046.jpg,1
D:/cv_learn/projectI/Dataset/train/chickens/chickens047.jpg,1
D:/cv_learn/projectI/Dataset/train/chickens/chickens048.jpg,1
D:/cv_learn/projectI/Dataset/train/chickens/chickens049.jpg,1
D:/cv_learn/projectI/Dataset/train/chickens/chickens050.jpg,1
D:/cv_learn/projectI/Dataset/train/chickens/chickens051.jpg,1
D:/cv_learn/projectI/Dataset/train/chickens/chickens052.jpg,1
D:/cv_learn/projectI/Dataset/train/chickens/chickens053.jpg,1
D:/cv_learn/projectI/Dataset/train/chickens/chickens054.jpg,1
D:/cv_learn/projectI/Dataset/train/chickens/chickens055.jpg,1
D:/cv_learn/projectI/Dataset/train/chickens/chickens056.jpg,1
D:/cv_learn/projectI/Dataset/train/chickens/chickens057.jpg,1
D:/cv_learn/projectI/Dataset/train/chickens/chickens058.jpg,1
D:/cv_learn/projectI/Dataset/train/chickens/chickens059.jpg,1
D:/cv_learn/projectI/Dataset/train/chickens/chickens060.jpg,1
D:/cv_learn/projectI/Dataset/train/chickens/chickens061.jpg,1
D:/cv_learn/projectI/Dataset/train/chickens/chickens062.jpg,1
D:/cv_learn/projectI/Dataset/train/chickens/chickens063.jpg,1
D:/cv_learn/projectI/Dataset/train/chickens/chickens064.jpg,1
D:/cv_learn/projectI/Dataset/train/chickens/chickens065.jpg,1
D:/cv_learn/projectI/Dataset/train/chickens/chickens066.jpg,1
D:/cv_learn/projectI/Dataset/train/chickens/chickens067.jpg,1
D:/cv_learn/projectI/Dataset/train/chickens/chickens068.jpg,1
D:/cv_learn/projectI/Dataset/train/chickens/chickens069.jpg,1
D:/cv_learn/projectI/Dataset/train/chickens/chickens070.jpg,1
D:/cv_learn/projectI/Dataset/train/chickens/chickens071.jpg,1
D:/cv_learn/projectI/Dataset/train/chickens/chickens072.jpg,1
D:/cv_learn/projectI/Dataset/train/chickens/chickens073.jpg,1
D:/cv_learn/projectI/Dataset/train/chickens/chickens074.jpg,1
D:/cv_learn/projectI/Dataset/train/chickens/chickens075.jpg,1
D:/cv_learn/projectI/Dataset/train/chickens/chickens076.jpg,1
D:/cv_learn/projectI/Dataset/train/chickens/chickens077.jpg,1
D:/cv_learn/projectI/Dataset/train/chickens/chickens078.jpg,1
D:/cv_learn/projectI/Dataset/train/chickens/chickens079.jpg,1
D:/cv_learn/projectI/Dataset/train/chickens/chickens080.jpg,1
D:/cv_learn/projectI/Dataset/train/chickens/chickens081.jpg,1
D:/cv_learn/projectI/Dataset/train/chickens/chickens082.jpg,1
D:/cv_learn/projectI/Dataset/train/chickens/chickens083.jpg,1
D:/cv_learn/projectI/Dataset/train/chickens/chickens084.jpg,1
D:/cv_learn/projectI/Dataset/train/chickens/chickens085.jpg,1
D:/cv_learn/projectI/Dataset/train/chickens/chickens086.jpg,1
D:/cv_learn/projectI/Dataset/train/chickens/chickens087.jpg,1
D:/cv_learn/projectI/Dataset/train/chickens/chickens088.jpg,1
D:/cv_learn/projectI/Dataset/train/chickens/chickens089.jpg,1
D:/cv_learn/projectI/Dataset/train/chickens/chickens090.jpg,1
D:/cv_learn/projectI/Dataset/train/chickens/chickens091.jpg,1
D:/cv_learn/projectI/Dataset/train/chickens/chickens092.jpg,1
D:/cv_learn/projectI/Dataset/train/chickens/chickens093.jpg,1
D:/cv_learn/projectI/Dataset/train/chickens/chickens094.jpg,1
D:/cv_learn/projectI/Dataset/train/chickens/chickens095.jpg,1
D:/cv_learn/projectI/Dataset/train/chickens/chickens096.jpg,1
D:/cv_learn/projectI/Dataset/train/chickens/chickens097.jpg,1
D:/cv_learn/projectI/Dataset/train/chickens/chickens098.jpg,1
D:/cv_learn/projectI/Dataset/train/chickens/chickens099.jpg,1
D:/cv_learn/projectI/Dataset/train/chickens/chickens100.jpg,1
D:/cv_learn/projectI/Dataset/train/chickens/chickens101.jpg,1
D:/cv_learn/projectI/Dataset/train/chickens/chickens102.jpg,1
D:/cv_learn/projectI/Dataset/train/chickens/chickens103.jpg,1
D:/cv_learn/projectI/Dataset/train/chickens/chickens104.jpg,1
D:/cv_learn/projectI/Dataset/train/chickens/chickens105.jpg,1
D:/cv_learn/projectI/Dataset/train/chickens/chickens106.jpg,1
D:/cv_learn/projectI/Dataset/train/chickens/chickens107.jpg,1
D:/cv_learn/projectI/Dataset/train/chickens/chickens108.jpg,1
D:/cv_learn/projectI/Dataset/train/chickens/chickens109.jpg,1
D:/cv_learn/projectI/Dataset/train/chickens/chickens110.jpg,1
D:/cv_learn/projectI/Dataset/train/chickens/chickens111.jpg,1
D:/cv_learn/projectI/Dataset/train/chickens/chickens112.jpg,1
D:/cv_learn/projectI/Dataset/train/chickens/chickens113.jpg,1
D:/cv_learn/projectI/Dataset/train/chickens/chickens114.jpg,1
D:/cv_learn/projectI/Dataset/train/chickens/chickens115.jpg,1
D:/cv_learn/projectI/Dataset/train/chickens/chickens116.jpg,1
D:/cv_learn/projectI/Dataset/train/chickens/chickens117.jpg,1
D:/cv_learn/projectI/Dataset/train/chickens/chickens118.jpg,1
D:/cv_learn/projectI/Dataset/train/chickens/chickens119.jpg,1
D:/cv_learn/projectI/Dataset/train/chickens/chickens120.jpg,1
D:/cv_learn/projectI/Dataset/train/chickens/chickens121.jpg,1
D:/cv_learn/projectI/Dataset/train/chickens/chickens122.jpg,1
D:/cv_learn/projectI/Dataset/train/chickens/chickens123.jpg,1
D:/cv_learn/projectI/Dataset/train/chickens/chickens124.jpg,1
D:/cv_learn/projectI/Dataset/train/chickens/chickens125.jpg,1
D:/cv_learn/projectI/Dataset/train/chickens/chickens126.jpg,1
D:/cv_learn/projectI/Dataset/train/chickens/chickens127.jpg,1
D:/cv_learn/projectI/Dataset/train/chickens/chickens128.jpg,1
D:/cv_learn/projectI/Dataset/train/chickens/chickens129.jpg,1
D:/cv_learn/projectI/Dataset/train/chickens/chickens130.jpg,1
D:/cv_learn/projectI/Dataset/train/chickens/chickens131.jpg,1
D:/cv_learn/projectI/Dataset/train/chickens/chickens132.jpg,1
D:/cv_learn/projectI/Dataset/train/chickens/chickens133.jpg,1
D:/cv_learn/projectI/Dataset/train/chickens/chickens134.jpg,1
D:/cv_learn/projectI/Dataset/train/chickens/chickens135.jpg,1
D:/cv_learn/projectI/Dataset/train/chickens/chickens136.jpg,1
D:/cv_learn/projectI/Dataset/train/chickens/chickens137.jpg,1
D:/cv_learn/projectI/Dataset/train/chickens/chickens138.jpg,1
D:/cv_learn/projectI/Dataset/train/chickens/chickens139.jpg,1
D:/cv_learn/projectI/Dataset/train/chickens/chickens140.jpg,1
D:/cv_learn/projectI/Dataset/train/chickens/chickens141.jpg,1
D:/cv_learn/projectI/Dataset/train/chickens/chickens142.jpg,1
D:/cv_learn/projectI/Dataset/train/chickens/chickens143.jpg,1
D:/cv_learn/projectI/Dataset/train/chickens/chickens144.jpg,1
D:/cv_learn/projectI/Dataset/train/chickens/chickens145.jpg,1
D:/cv_learn/projectI/Dataset/train/chickens/chickens146.jpg,1
D:/cv_learn/projectI/Dataset/train/chickens/chickens147.jpg,1
D:/cv_learn/projectI/Dataset/train/chickens/chickens148.jpg,1
D:/cv_learn/projectI/Dataset/train/chickens/chickens149.jpg,1
D:/cv_learn/projectI/Dataset/train/chickens/chickens150.jpg,1
D:/cv_learn/projectI/Dataset/train/chickens/chickens151.jpg,1
D:/cv_learn/projectI/Dataset/train/chickens/chickens152.jpg,1
D:/cv_learn/projectI/Dataset/train/chickens/chickens153.jpg,1
D:/cv_learn/projectI/Dataset/train/chickens/chickens154.jpg,1
D:/cv_learn/projectI/Dataset/train/chickens/chickens155.jpg,1
D:/cv_learn/projectI/Dataset/train/chickens/chickens156.jpg,1
D:/cv_learn/projectI/Dataset/train/chickens/chickens157.jpg,1
D:/cv_learn/projectI/Dataset/train/chickens/chickens158.jpg,1
D:/cv_learn/projectI/Dataset/train/chickens/chickens159.jpg,1
D:/cv_learn/projectI/Dataset/train/chickens/chickens160.jpg,1
D:/cv_learn/projectI/Dataset/train/chickens/chickens161.jpg,1
D:/cv_learn/projectI/Dataset/train/chickens/chickens162.jpg,1
D:/cv_learn/projectI/Dataset/train/chickens/chickens163.jpg,1
D:/cv_learn/projectI/Dataset/train/chickens/chickens164.jpg,1
D:/cv_learn/projectI/Dataset/train/chickens/chickens165.jpg,1
D:/cv_learn/projectI/Dataset/train/chickens/chickens166.jpg,1
D:/cv_learn/projectI/Dataset/train/chickens/chickens167.jpg,1
D:/cv_learn/projectI/Dataset/train/chickens/chickens168.jpg,1
D:/cv_learn/projectI/Dataset/train/chickens/chickens169.jpg,1
D:/cv_learn/projectI/Dataset/train/chickens/chickens170.jpg,1
D:/cv_learn/projectI/Dataset/train/chickens/chickens171.jpg,1
D:/cv_learn/projectI/Dataset/train/chickens/chickens172.jpg,1
D:/cv_learn/projectI/Dataset/train/chickens/chickens173.jpg,1
D:/cv_learn/projectI/Dataset/train/chickens/chickens174.jpg,1
D:/cv_learn/projectI/Dataset/train/chickens/chickens175.jpg,1
D:/cv_learn/projectI/Dataset/train/chickens/chickens176.jpg,1
D:/cv_learn/projectI/Dataset/train/chickens/chickens177.jpg,1
D:/cv_learn/projectI/Dataset/train/chickens/chickens178.jpg,1
D:/cv_learn/projectI/Dataset/train/chickens/chickens179.jpg,1
D:/cv_learn/projectI/Dataset/train/chickens/chickens180.jpg,1
D:/cv_learn/projectI/Dataset/train/chickens/chickens181.jpg,1
D:/cv_learn/projectI/Dataset/train/chickens/chickens182.jpg,1
D:/cv_learn/projectI/Dataset/train/chickens/chickens183.jpg,1
D:/cv_learn/projectI/Dataset/train/chickens/chickens184.jpg,1
D:/cv_learn/projectI/Dataset/train/chickens/chickens185.jpg,1
D:/cv_learn/projectI/Dataset/train/chickens/chickens186.jpg,1
D:/cv_learn/projectI/Dataset/train/chickens/chickens187.jpg,1
D:/cv_learn/projectI/Dataset/train/chickens/chickens188.jpg,1
D:/cv_learn/projectI/Dataset/train/chickens/chickens189.jpg,1
D:/cv_learn/projectI/Dataset/train/chickens/chickens190.jpg,1
D:/cv_learn/projectI/Dataset/train/chickens/chickens191.jpg,1
D:/cv_learn/projectI/Dataset/train/chickens/chickens192.jpg,1
D:/cv_learn/projectI/Dataset/train/chickens/chickens193.jpg,1
D:/cv_learn/projectI/Dataset/train/chickens/chickens194.jpg,1
D:/cv_learn/projectI/Dataset/train/chickens/chickens195.jpg,1
D:/cv_learn/projectI/Dataset/train/chickens/chickens196.jpg,1
D:/cv_learn/projectI/Dataset/train/chickens/chickens197.jpg,1
D:/cv_learn/projectI/Dataset/train/chickens/chickens198.jpg,1
D:/cv_learn/projectI/Dataset/train/chickens/chickens199.jpg,1
D:/cv_learn/projectI/Dataset/train/chickens/chickens200.jpg,1
D:/cv_learn/projectI/Dataset/train/chickens/chickens201.jpg,1
D:/cv_learn/projectI/Dataset/train/chickens/chickens202.jpg,1
D:/cv_learn/projectI/Dataset/train/chickens/chickens203.jpg,1
D:/cv_learn/projectI/Dataset/train/chickens/chickens204.jpg,1
D:/cv_learn/projectI/Dataset/train/chickens/chickens205.jpg,1
D:/cv_learn/projectI/Dataset/train/chickens/chickens206.jpg,1
D:/cv_learn/projectI/Dataset/train/chickens/chickens207.jpg,1
D:/cv_learn/projectI/Dataset/train/chickens/chickens208.jpg,1
D:/cv_learn/projectI/Dataset/train/chickens/chickens209.jpg,1
D:/cv_learn/projectI/Dataset/train/chickens/chickens210.jpg,1
D:/cv_learn/projectI/Dataset/train/chickens/chickens211.jpg,1
D:/cv_learn/projectI/Dataset/train/chickens/chickens212.jpg,1
D:/cv_learn/projectI/Dataset/train/chickens/chickens213.jpg,1
D:/cv_learn/projectI/Dataset/train/chickens/chickens214.jpg,1
D:/cv_learn/projectI/Dataset/train/chickens/chickens215.jpg,1
D:/cv_learn/projectI/Dataset/train/chickens/chickens216.jpg,1
D:/cv_learn/projectI/Dataset/train/chickens/chickens217.jpg,1
D:/cv_learn/projectI/Dataset/train/chickens/chickens218.jpg,1
D:/cv_learn/projectI/Dataset/train/chickens/chickens219.jpg,1
D:/cv_learn/projectI/Dataset/train/chickens/chickens220.jpg,1
D:/cv_learn/projectI/Dataset/train/chickens/chickens221.jpg,1
D:/cv_learn/projectI/Dataset/train/chickens/chickens222.jpg,1
D:/cv_learn/projectI/Dataset/train/chickens/chickens223.jpg,1
D:/cv_learn/projectI/Dataset/train/chickens/chickens224.jpg,1
D:/cv_learn/projectI/Dataset/train/chickens/chickens225.jpg,1
D:/cv_learn/projectI/Dataset/train/chickens/chickens226.jpg,1
D:/cv_learn/projectI/Dataset/train/chickens/chickens227.jpg,1
D:/cv_learn/projectI/Dataset/train/chickens/chickens228.jpg,1
D:/cv_learn/projectI/Dataset/train/chickens/chickens229.jpg,1
D:/cv_learn/projectI/Dataset/train/chickens/chickens230.jpg,1
D:/cv_learn/projectI/Dataset/train/chickens/chickens231.jpg,1
D:/cv_learn/projectI/Dataset/train/chickens/chickens232.jpg,1
D:/cv_learn/projectI/Dataset/train/chickens/chickens233.jpg,1
D:/cv_learn/projectI/Dataset/train/chickens/chickens234.jpg,1
D:/cv_learn/projectI/Dataset/train/chickens/chickens235.jpg,1
D:/cv_learn/projectI/Dataset/train/chickens/chickens236.jpg,1
D:/cv_learn/projectI/Dataset/train/chickens/chickens237.jpg,1
D:/cv_learn/projectI/Dataset/train/chickens/chickens238.jpg,1
D:/cv_learn/projectI/Dataset/train/chickens/chickens239.jpg,1
D:/cv_learn/projectI/Dataset/train/chickens/chickens240.jpg,1
D:/cv_learn/projectI/Dataset/train/chickens/chickens241.jpg,1
D:/cv_learn/projectI/Dataset/train/chickens/chickens242.jpg,1
D:/cv_learn/projectI/Dataset/train/chickens/chickens243.jpg,1
D:/cv_learn/projectI/Dataset/train/chickens/chickens244.jpg,1
D:/cv_learn/projectI/Dataset/train/chickens/chickens245.jpg,1
D:/cv_learn/projectI/Dataset/train/chickens/chickens246.jpg,1
D:/cv_learn/projectI/Dataset/train/chickens/chickens247.jpg,1
D:/cv_learn/projectI/Dataset/train/chickens/chickens248.jpg,1
D:/cv_learn/projectI/Dataset/train/chickens/chickens249.jpg,1
D:/cv_learn/projectI/Dataset/train/chickens/chickens250.jpg,1
D:/cv_learn/projectI/Dataset/train/chickens/chickens251.jpg,1
D:/cv_learn/projectI/Dataset/train/chickens/chickens252.jpg,1
D:/cv_learn/projectI/Dataset/train/chickens/chickens253.jpg,1
D:/cv_learn/projectI/Dataset/train/chickens/chickens254.jpg,1
D:/cv_learn/projectI/Dataset/train/chickens/chickens255.jpg,1
D:/cv_learn/projectI/Dataset/train/chickens/chickens256.jpg,1
D:/cv_learn/projectI/Dataset/train/chickens/chickens257.jpg,1
D:/cv_learn/projectI/Dataset/train/chickens/chickens258.jpg,1
D:/cv_learn/projectI/Dataset/train/chickens/chickens259.jpg,1
D:/cv_learn/projectI/Dataset/train/chickens/chickens260.jpg,1
D:/cv_learn/projectI/Dataset/train/chickens/chickens261.jpg,1
D:/cv_learn/projectI/Dataset/train/chickens/chickens262.jpg,1
D:/cv_learn/projectI/Dataset/train/chickens/chickens263.jpg,1
D:/cv_learn/projectI/Dataset/train/chickens/chickens264.jpg,1
D:/cv_learn/projectI/Dataset/train/chickens/chickens265.jpg,1
D:/cv_learn/projectI/Dataset/train/chickens/chickens266.jpg,1
D:/cv_learn/projectI/Dataset/train/chickens/chickens267.jpg,1
D:/cv_learn/projectI/Dataset/train/chickens/chickens268.jpg,1
D:/cv_learn/projectI/Dataset/train/chickens/chickens269.jpg,1
D:/cv_learn/projectI/Dataset/train/chickens/chickens270.jpg,1
D:/cv_learn/projectI/Dataset/train/chickens/chickens271.jpg,1
D:/cv_learn/projectI/Dataset/train/chickens/chickens272.jpg,1
D:/cv_learn/projectI/Dataset/train/chickens/chickens273.jpg,1
D:/cv_learn/projectI/Dataset/train/chickens/chickens274.jpg,1
D:/cv_learn/projectI/Dataset/train/chickens/chickens275.jpg,1
D:/cv_learn/projectI/Dataset/train/chickens/chickens276.jpg,1
D:/cv_learn/projectI/Dataset/train/chickens/chickens277.jpg,1
D:/cv_learn/projectI/Dataset/train/chickens/chickens278.jpg,1
D:/cv_learn/projectI/Dataset/train/chickens/chickens279.jpg,1
D:/cv_learn/projectI/Dataset/train/chickens/chickens280.jpg,1
D:/cv_learn/projectI/Dataset/train/chickens/chickens281.jpg,1
D:/cv_learn/projectI/Dataset/train/chickens/chickens282.jpg,1
D:/cv_learn/projectI/Dataset/train/chickens/chickens283.jpg,1
D:/cv_learn/projectI/Dataset/train/chickens/chickens284.jpg,1
D:/cv_learn/projectI/Dataset/train/chickens/chickens285.jpg,1
D:/cv_learn/projectI/Dataset/train/chickens/chickens286.jpg,1
D:/cv_learn/projectI/Dataset/train/chickens/chickens287.jpg,1
D:/cv_learn/projectI/Dataset/train/chickens/chickens288.jpg,1
D:/cv_learn/projectI/Dataset/train/chickens/chickens289.jpg,1
D:/cv_learn/projectI/Dataset/train/chickens/chickens290.jpg,1
D:/cv_learn/projectI/Dataset/train/chickens/chickens291.jpg,1
D:/cv_learn/projectI/Dataset/train/chickens/chickens292.jpg,1
D:/cv_learn/projectI/Dataset/train/chickens/chickens293.jpg,1
D:/cv_learn/projectI/Dataset/train/chickens/chickens294.jpg,1
D:/cv_learn/projectI/Dataset/train/chickens/chickens295.jpg,1
D:/cv_learn/projectI/Dataset/train/chickens/chickens296.jpg,1
D:/cv_learn/projectI/Dataset/train/chickens/chickens297.jpg,1
D:/cv_learn/projectI/Dataset/train/chickens/chickens298.jpg,1
D:/cv_learn/projectI/Dataset/train/chickens/chickens299.jpg,1
D:/cv_learn/projectI/Dataset/train/chickens/chickens300.jpg,1
D:/cv_learn/projectI/Dataset/train/chickens/chickens301.jpg,1
D:/cv_learn/projectI/Dataset/train/chickens/chickens302.jpg,1
D:/cv_learn/projectI/Dataset/train/chickens/chickens303.jpg,1
D:/cv_learn/projectI/Dataset/train/chickens/chickens304.jpg,1
D:/cv_learn/projectI/Dataset/train/chickens/chickens305.jpg,1
D:/cv_learn/projectI/Dataset/train/chickens/chickens306.jpg,1
D:/cv_learn/projectI/Dataset/train/chickens/chickens307.jpg,1
D:/cv_learn/projectI/Dataset/train/chickens/chickens308.jpg,1
D:/cv_learn/projectI/Dataset/train/chickens/chickens309.jpg,1
