,path,species
0,/content/drive/Colab Notebooks/project1_classification/Dataset/train/rabbits/rabbits208.jpg,0
1,/content/drive/Colab Notebooks/project1_classification/Dataset/train/rabbits/rabbits209.jpg,0
2,/content/drive/Colab Notebooks/project1_classification/Dataset/train/rabbits/rabbits211.jpg,0
3,/content/drive/Colab Notebooks/project1_classification/Dataset/train/rabbits/rabbits212.jpg,0
4,/content/drive/Colab Notebooks/project1_classification/Dataset/train/rabbits/rabbits215.jpg,0
5,/content/drive/Colab Notebooks/project1_classification/Dataset/train/rabbits/rabbits213.jpg,0
6,/content/drive/Colab Notebooks/project1_classification/Dataset/train/rabbits/rabbits214.jpg,0
7,/content/drive/Colab Notebooks/project1_classification/Dataset/train/rabbits/rabbits219.jpg,0
8,/content/drive/Colab Notebooks/project1_classification/Dataset/train/rabbits/rabbits218.jpg,0
9,/content/drive/Colab Notebooks/project1_classification/Dataset/train/rabbits/rabbits220.jpg,0
10,/content/drive/Colab Notebooks/project1_classification/Dataset/train/rabbits/rabbits216.jpg,0
11,/content/drive/Colab Notebooks/project1_classification/Dataset/train/rabbits/rabbits217.jpg,0
12,/content/drive/Colab Notebooks/project1_classification/Dataset/train/rabbits/rabbits221.jpg,0
13,/content/drive/Colab Notebooks/project1_classification/Dataset/train/rabbits/rabbits222.jpg,0
14,/content/drive/Colab Notebooks/project1_classification/Dataset/train/rabbits/rabbits223.jpg,0
15,/content/drive/Colab Notebooks/project1_classification/Dataset/train/rabbits/rabbits224.jpg,0
16,/content/drive/Colab Notebooks/project1_classification/Dataset/train/rabbits/rabbits226.jpg,0
17,/content/drive/Colab Notebooks/project1_classification/Dataset/train/rabbits/rabbits225.jpg,0
18,/content/drive/Colab Notebooks/project1_classification/Dataset/train/rabbits/rabbits229.jpg,0
19,/content/drive/Colab Notebooks/project1_classification/Dataset/train/rabbits/rabbits230.jpg,0
20,/content/drive/Colab Notebooks/project1_classification/Dataset/train/rabbits/rabbits228.jpg,0
21,/content/drive/Colab Notebooks/project1_classification/Dataset/train/rabbits/rabbits227.jpg,0
22,/content/drive/Colab Notebooks/project1_classification/Dataset/train/rabbits/rabbits231.jpg,0
23,/content/drive/Colab Notebooks/project1_classification/Dataset/train/rabbits/rabbits233.jpg,0
24,/content/drive/Colab Notebooks/project1_classification/Dataset/train/rabbits/rabbits232.jpg,0
25,/content/drive/Colab Notebooks/project1_classification/Dataset/train/rabbits/rabbits234.jpg,0
26,/content/drive/Colab Notebooks/project1_classification/Dataset/train/rabbits/rabbits237.jpg,0
27,/content/drive/Colab Notebooks/project1_classification/Dataset/train/rabbits/rabbits238.jpg,0
28,/content/drive/Colab Notebooks/project1_classification/Dataset/train/rabbits/rabbits235.jpg,0
29,/content/drive/Colab Notebooks/project1_classification/Dataset/train/rabbits/rabbits239.jpg,0
30,/content/drive/Colab Notebooks/project1_classification/Dataset/train/rabbits/rabbits241.jpg,0
31,/content/drive/Colab Notebooks/project1_classification/Dataset/train/rabbits/rabbits240.jpg,0
32,/content/drive/Colab Notebooks/project1_classification/Dataset/train/rabbits/rabbits242.jpg,0
33,/content/drive/Colab Notebooks/project1_classification/Dataset/train/rabbits/rabbits243.jpg,0
34,/content/drive/Colab Notebooks/project1_classification/Dataset/train/rabbits/rabbits244.jpg,0
35,/content/drive/Colab Notebooks/project1_classification/Dataset/train/rabbits/rabbits245.jpg,0
36,/content/drive/Colab Notebooks/project1_classification/Dataset/train/rabbits/rabbits250.jpg,0
37,/content/drive/Colab Notebooks/project1_classification/Dataset/train/rabbits/rabbits247.jpg,0
38,/content/drive/Colab Notebooks/project1_classification/Dataset/train/rabbits/rabbits246.jpg,0
39,/content/drive/Colab Notebooks/project1_classification/Dataset/train/rabbits/rabbits248.jpg,0
40,/content/drive/Colab Notebooks/project1_classification/Dataset/train/rabbits/rabbits249.jpg,0
41,/content/drive/Colab Notebooks/project1_classification/Dataset/train/rabbits/rabbits251.jpg,0
42,/content/drive/Colab Notebooks/project1_classification/Dataset/train/rabbits/rabbits252.jpg,0
43,/content/drive/Colab Notebooks/project1_classification/Dataset/train/rabbits/rabbits254.jpg,0
44,/content/drive/Colab Notebooks/project1_classification/Dataset/train/rabbits/rabbits255.jpg,0
45,/content/drive/Colab Notebooks/project1_classification/Dataset/train/rabbits/rabbits253.jpg,0
46,/content/drive/Colab Notebooks/project1_classification/Dataset/train/rabbits/rabbits257.jpg,0
47,/content/drive/Colab Notebooks/project1_classification/Dataset/train/rabbits/rabbits256.jpg,0
48,/content/drive/Colab Notebooks/project1_classification/Dataset/train/rabbits/rabbits259.jpg,0
49,/content/drive/Colab Notebooks/project1_classification/Dataset/train/rabbits/rabbits258.jpg,0
50,/content/drive/Colab Notebooks/project1_classification/Dataset/train/rabbits/rabbits260.jpg,0
51,/content/drive/Colab Notebooks/project1_classification/Dataset/train/rabbits/rabbits261.jpg,0
52,/content/drive/Colab Notebooks/project1_classification/Dataset/train/rabbits/rabbits262.jpg,0
53,/content/drive/Colab Notebooks/project1_classification/Dataset/train/rabbits/rabbits265.jpg,0
54,/content/drive/Colab Notebooks/project1_classification/Dataset/train/rabbits/rabbits266.jpg,0
55,/content/drive/Colab Notebooks/project1_classification/Dataset/train/rabbits/rabbits264.jpg,0
56,/content/drive/Colab Notebooks/project1_classification/Dataset/train/rabbits/rabbits263.jpg,0
57,/content/drive/Colab Notebooks/project1_classification/Dataset/train/rabbits/rabbits267.jpg,0
58,/content/drive/Colab Notebooks/project1_classification/Dataset/train/rabbits/rabbits269.jpg,0
59,/content/drive/Colab Notebooks/project1_classification/Dataset/train/rabbits/rabbits271.jpg,0
60,/content/drive/Colab Notebooks/project1_classification/Dataset/train/rabbits/rabbits268.jpg,0
61,/content/drive/Colab Notebooks/project1_classification/Dataset/train/rabbits/rabbits270.jpg,0
62,/content/drive/Colab Notebooks/project1_classification/Dataset/train/rabbits/rabbits272.jpg,0
63,/content/drive/Colab Notebooks/project1_classification/Dataset/train/rabbits/rabbits274.jpg,0
64,/content/drive/Colab Notebooks/project1_classification/Dataset/train/rabbits/rabbits273.jpg,0
65,/content/drive/Colab Notebooks/project1_classification/Dataset/train/rabbits/rabbits275.jpg,0
66,/content/drive/Colab Notebooks/project1_classification/Dataset/train/rabbits/rabbits277.jpg,0
67,/content/drive/Colab Notebooks/project1_classification/Dataset/train/rabbits/rabbits278.jpg,0
68,/content/drive/Colab Notebooks/project1_classification/Dataset/train/rabbits/rabbits279.jpg,0
69,/content/drive/Colab Notebooks/project1_classification/Dataset/train/rabbits/rabbits276.jpg,0
70,/content/drive/Colab Notebooks/project1_classification/Dataset/train/rabbits/rabbits281.jpg,0
71,/content/drive/Colab Notebooks/project1_classification/Dataset/train/rabbits/rabbits280.jpg,0
72,/content/drive/Colab Notebooks/project1_classification/Dataset/train/rabbits/rabbits282.jpg,0
73,/content/drive/Colab Notebooks/project1_classification/Dataset/train/rabbits/rabbits285.jpg,0
74,/content/drive/Colab Notebooks/project1_classification/Dataset/train/rabbits/rabbits283.jpg,0
75,/content/drive/Colab Notebooks/project1_classification/Dataset/train/rabbits/rabbits284.jpg,0
76,/content/drive/Colab Notebooks/project1_classification/Dataset/train/rabbits/rabbits289.jpg,0
77,/content/drive/Colab Notebooks/project1_classification/Dataset/train/rabbits/rabbits290.jpg,0
78,/content/drive/Colab Notebooks/project1_classification/Dataset/train/rabbits/rabbits286.jpg,0
79,/content/drive/Colab Notebooks/project1_classification/Dataset/train/rabbits/rabbits287.jpg,0
80,/content/drive/Colab Notebooks/project1_classification/Dataset/train/rabbits/rabbits288.jpg,0
81,/content/drive/Colab Notebooks/project1_classification/Dataset/train/rabbits/rabbits291.jpg,0
82,/content/drive/Colab Notebooks/project1_classification/Dataset/train/rabbits/rabbits292.jpg,0
83,/content/drive/Colab Notebooks/project1_classification/Dataset/train/rabbits/rabbits296.jpg,0
84,/content/drive/Colab Notebooks/project1_classification/Dataset/train/rabbits/rabbits294.jpg,0
85,/content/drive/Colab Notebooks/project1_classification/Dataset/train/rabbits/rabbits293.jpg,0
86,/content/drive/Colab Notebooks/project1_classification/Dataset/train/rabbits/rabbits295.jpg,0
87,/content/drive/Colab Notebooks/project1_classification/Dataset/train/rabbits/rabbits298.jpg,0
88,/content/drive/Colab Notebooks/project1_classification/Dataset/train/rabbits/rabbits297.jpg,0
89,/content/drive/Colab Notebooks/project1_classification/Dataset/train/rabbits/rabbits301.jpg,0
90,/content/drive/Colab Notebooks/project1_classification/Dataset/train/rabbits/rabbits299.jpg,0
91,/content/drive/Colab Notebooks/project1_classification/Dataset/train/rabbits/rabbits300.jpg,0
92,/content/drive/Colab Notebooks/project1_classification/Dataset/train/rabbits/rabbits302.jpg,0
93,/content/drive/Colab Notebooks/project1_classification/Dataset/train/rabbits/rabbits307.jpg,0
94,/content/drive/Colab Notebooks/project1_classification/Dataset/train/rabbits/rabbits303.jpg,0
95,/content/drive/Colab Notebooks/project1_classification/Dataset/train/rabbits/rabbits305.jpg,0
96,/content/drive/Colab Notebooks/project1_classification/Dataset/train/rabbits/rabbits306.jpg,0
97,/content/drive/Colab Notebooks/project1_classification/Dataset/train/rabbits/rabbits304.jpg,0
98,/content/drive/Colab Notebooks/project1_classification/Dataset/train/rabbits/rabbits309.jpg,0
99,/content/drive/Colab Notebooks/project1_classification/Dataset/train/rabbits/rabbits308.jpg,0
100,/content/drive/Colab Notebooks/project1_classification/Dataset/train/rabbits/rabbits108.jpg,0
101,/content/drive/Colab Notebooks/project1_classification/Dataset/train/rabbits/rabbits105.jpg,0
102,/content/drive/Colab Notebooks/project1_classification/Dataset/train/rabbits/rabbits111.jpg,0
103,/content/drive/Colab Notebooks/project1_classification/Dataset/train/rabbits/rabbits112.jpg,0
104,/content/drive/Colab Notebooks/project1_classification/Dataset/train/rabbits/rabbits113.jpg,0
105,/content/drive/Colab Notebooks/project1_classification/Dataset/train/rabbits/rabbits114.jpg,0
106,/content/drive/Colab Notebooks/project1_classification/Dataset/train/rabbits/rabbits116.jpg,0
107,/content/drive/Colab Notebooks/project1_classification/Dataset/train/rabbits/rabbits117.jpg,0
108,/content/drive/Colab Notebooks/project1_classification/Dataset/train/rabbits/rabbits118.jpg,0
109,/content/drive/Colab Notebooks/project1_classification/Dataset/train/rabbits/rabbits115.jpg,0
110,/content/drive/Colab Notebooks/project1_classification/Dataset/train/rabbits/rabbits120.jpg,0
111,/content/drive/Colab Notebooks/project1_classification/Dataset/train/rabbits/rabbits119.jpg,0
112,/content/drive/Colab Notebooks/project1_classification/Dataset/train/rabbits/rabbits121.jpg,0
113,/content/drive/Colab Notebooks/project1_classification/Dataset/train/rabbits/rabbits124.jpg,0
114,/content/drive/Colab Notebooks/project1_classification/Dataset/train/rabbits/rabbits122.jpg,0
115,/content/drive/Colab Notebooks/project1_classification/Dataset/train/rabbits/rabbits123.jpg,0
116,/content/drive/Colab Notebooks/project1_classification/Dataset/train/rabbits/rabbits129.jpg,0
117,/content/drive/Colab Notebooks/project1_classification/Dataset/train/rabbits/rabbits128.jpg,0
118,/content/drive/Colab Notebooks/project1_classification/Dataset/train/rabbits/rabbits125.jpg,0
119,/content/drive/Colab Notebooks/project1_classification/Dataset/train/rabbits/rabbits126.jpg,0
120,/content/drive/Colab Notebooks/project1_classification/Dataset/train/rabbits/rabbits127.jpg,0
121,/content/drive/Colab Notebooks/project1_classification/Dataset/train/rabbits/rabbits130.jpg,0
122,/content/drive/Colab Notebooks/project1_classification/Dataset/train/rabbits/rabbits131.jpg,0
123,/content/drive/Colab Notebooks/project1_classification/Dataset/train/rabbits/rabbits132.jpg,0
124,/content/drive/Colab Notebooks/project1_classification/Dataset/train/rabbits/rabbits134.jpg,0
125,/content/drive/Colab Notebooks/project1_classification/Dataset/train/rabbits/rabbits133.jpg,0
126,/content/drive/Colab Notebooks/project1_classification/Dataset/train/rabbits/rabbits135.jpg,0
127,/content/drive/Colab Notebooks/project1_classification/Dataset/train/rabbits/rabbits137.jpg,0
128,/content/drive/Colab Notebooks/project1_classification/Dataset/train/rabbits/rabbits136.jpg,0
129,/content/drive/Colab Notebooks/project1_classification/Dataset/train/rabbits/rabbits140.jpg,0
130,/content/drive/Colab Notebooks/project1_classification/Dataset/train/rabbits/rabbits138.jpg,0
131,/content/drive/Colab Notebooks/project1_classification/Dataset/train/rabbits/rabbits139.jpg,0
132,/content/drive/Colab Notebooks/project1_classification/Dataset/train/rabbits/rabbits141.jpg,0
133,/content/drive/Colab Notebooks/project1_classification/Dataset/train/rabbits/rabbits142.jpg,0
134,/content/drive/Colab Notebooks/project1_classification/Dataset/train/rabbits/rabbits144.jpg,0
135,/content/drive/Colab Notebooks/project1_classification/Dataset/train/rabbits/rabbits143.jpg,0
136,/content/drive/Colab Notebooks/project1_classification/Dataset/train/rabbits/rabbits150.jpg,0
137,/content/drive/Colab Notebooks/project1_classification/Dataset/train/rabbits/rabbits146.jpg,0
138,/content/drive/Colab Notebooks/project1_classification/Dataset/train/rabbits/rabbits148.jpg,0
139,/content/drive/Colab Notebooks/project1_classification/Dataset/train/rabbits/rabbits147.jpg,0
140,/content/drive/Colab Notebooks/project1_classification/Dataset/train/rabbits/rabbits145.jpg,0
141,/content/drive/Colab Notebooks/project1_classification/Dataset/train/rabbits/rabbits149.jpg,0
142,/content/drive/Colab Notebooks/project1_classification/Dataset/train/rabbits/rabbits152.jpg,0
143,/content/drive/Colab Notebooks/project1_classification/Dataset/train/rabbits/rabbits153.jpg,0
144,/content/drive/Colab Notebooks/project1_classification/Dataset/train/rabbits/rabbits151.jpg,0
145,/content/drive/Colab Notebooks/project1_classification/Dataset/train/rabbits/rabbits154.jpg,0
146,/content/drive/Colab Notebooks/project1_classification/Dataset/train/rabbits/rabbits158.jpg,0
147,/content/drive/Colab Notebooks/project1_classification/Dataset/train/rabbits/rabbits157.jpg,0
148,/content/drive/Colab Notebooks/project1_classification/Dataset/train/rabbits/rabbits155.jpg,0
149,/content/drive/Colab Notebooks/project1_classification/Dataset/train/rabbits/rabbits159.jpg,0
150,/content/drive/Colab Notebooks/project1_classification/Dataset/train/rabbits/rabbits160.jpg,0
151,/content/drive/Colab Notebooks/project1_classification/Dataset/train/rabbits/rabbits156.jpg,0
152,/content/drive/Colab Notebooks/project1_classification/Dataset/train/rabbits/rabbits161.jpg,0
153,/content/drive/Colab Notebooks/project1_classification/Dataset/train/rabbits/rabbits162.jpg,0
154,/content/drive/Colab Notebooks/project1_classification/Dataset/train/rabbits/rabbits163.jpg,0
155,/content/drive/Colab Notebooks/project1_classification/Dataset/train/rabbits/rabbits166.jpg,0
156,/content/drive/Colab Notebooks/project1_classification/Dataset/train/rabbits/rabbits169.jpg,0
157,/content/drive/Colab Notebooks/project1_classification/Dataset/train/rabbits/rabbits170.jpg,0
158,/content/drive/Colab Notebooks/project1_classification/Dataset/train/rabbits/rabbits165.jpg,0
159,/content/drive/Colab Notebooks/project1_classification/Dataset/train/rabbits/rabbits168.jpg,0
160,/content/drive/Colab Notebooks/project1_classification/Dataset/train/rabbits/rabbits167.jpg,0
161,/content/drive/Colab Notebooks/project1_classification/Dataset/train/rabbits/rabbits164.jpg,0
162,/content/drive/Colab Notebooks/project1_classification/Dataset/train/rabbits/rabbits171.jpg,0
163,/content/drive/Colab Notebooks/project1_classification/Dataset/train/rabbits/rabbits173.jpg,0
164,/content/drive/Colab Notebooks/project1_classification/Dataset/train/rabbits/rabbits172.jpg,0
165,/content/drive/Colab Notebooks/project1_classification/Dataset/train/rabbits/rabbits177.jpg,0
166,/content/drive/Colab Notebooks/project1_classification/Dataset/train/rabbits/rabbits178.jpg,0
167,/content/drive/Colab Notebooks/project1_classification/Dataset/train/rabbits/rabbits175.jpg,0
168,/content/drive/Colab Notebooks/project1_classification/Dataset/train/rabbits/rabbits174.jpg,0
169,/content/drive/Colab Notebooks/project1_classification/Dataset/train/rabbits/rabbits176.jpg,0
170,/content/drive/Colab Notebooks/project1_classification/Dataset/train/rabbits/rabbits179.jpg,0
171,/content/drive/Colab Notebooks/project1_classification/Dataset/train/rabbits/rabbits180.jpg,0
172,/content/drive/Colab Notebooks/project1_classification/Dataset/train/rabbits/rabbits181.jpg,0
173,/content/drive/Colab Notebooks/project1_classification/Dataset/train/rabbits/rabbits182.jpg,0
174,/content/drive/Colab Notebooks/project1_classification/Dataset/train/rabbits/rabbits183.jpg,0
175,/content/drive/Colab Notebooks/project1_classification/Dataset/train/rabbits/rabbits185.jpg,0
176,/content/drive/Colab Notebooks/project1_classification/Dataset/train/rabbits/rabbits184.jpg,0
177,/content/drive/Colab Notebooks/project1_classification/Dataset/train/rabbits/rabbits187.jpg,0
178,/content/drive/Colab Notebooks/project1_classification/Dataset/train/rabbits/rabbits186.jpg,0
179,/content/drive/Colab Notebooks/project1_classification/Dataset/train/rabbits/rabbits188.jpg,0
180,/content/drive/Colab Notebooks/project1_classification/Dataset/train/rabbits/rabbits189.jpg,0
181,/content/drive/Colab Notebooks/project1_classification/Dataset/train/rabbits/rabbits190.jpg,0
182,/content/drive/Colab Notebooks/project1_classification/Dataset/train/rabbits/rabbits191.jpg,0
183,/content/drive/Colab Notebooks/project1_classification/Dataset/train/rabbits/rabbits192.jpg,0
184,/content/drive/Colab Notebooks/project1_classification/Dataset/train/rabbits/rabbits193.jpg,0
185,/content/drive/Colab Notebooks/project1_classification/Dataset/train/rabbits/rabbits197.jpg,0
186,/content/drive/Colab Notebooks/project1_classification/Dataset/train/rabbits/rabbits199.jpg,0
187,/content/drive/Colab Notebooks/project1_classification/Dataset/train/rabbits/rabbits200.jpg,0
188,/content/drive/Colab Notebooks/project1_classification/Dataset/train/rabbits/rabbits195.jpg,0
189,/content/drive/Colab Notebooks/project1_classification/Dataset/train/rabbits/rabbits196.jpg,0
190,/content/drive/Colab Notebooks/project1_classification/Dataset/train/rabbits/rabbits198.jpg,0
191,/content/drive/Colab Notebooks/project1_classification/Dataset/train/rabbits/rabbits194.jpg,0
192,/content/drive/Colab Notebooks/project1_classification/Dataset/train/rabbits/rabbits201.jpg,0
193,/content/drive/Colab Notebooks/project1_classification/Dataset/train/rabbits/rabbits202.jpg,0
194,/content/drive/Colab Notebooks/project1_classification/Dataset/train/rabbits/rabbits205.jpg,0
195,/content/drive/Colab Notebooks/project1_classification/Dataset/train/rabbits/rabbits204.jpg,0
196,/content/drive/Colab Notebooks/project1_classification/Dataset/train/rabbits/rabbits203.jpg,0
197,/content/drive/Colab Notebooks/project1_classification/Dataset/train/rabbits/rabbits207.jpg,0
198,/content/drive/Colab Notebooks/project1_classification/Dataset/train/rabbits/rabbits210.jpg,0
199,/content/drive/Colab Notebooks/project1_classification/Dataset/train/rabbits/rabbits206.jpg,0
200,/content/drive/Colab Notebooks/project1_classification/Dataset/train/rabbits/rabbits009.jpg,0
201,/content/drive/Colab Notebooks/project1_classification/Dataset/train/rabbits/rabbits008.jpg,0
202,/content/drive/Colab Notebooks/project1_classification/Dataset/train/rabbits/rabbits010.jpg,0
203,/content/drive/Colab Notebooks/project1_classification/Dataset/train/rabbits/rabbits011.jpg,0
204,/content/drive/Colab Notebooks/project1_classification/Dataset/train/rabbits/rabbits013.jpg,0
205,/content/drive/Colab Notebooks/project1_classification/Dataset/train/rabbits/rabbits015.jpg,0
206,/content/drive/Colab Notebooks/project1_classification/Dataset/train/rabbits/rabbits017.jpg,0
207,/content/drive/Colab Notebooks/project1_classification/Dataset/train/rabbits/rabbits014.jpg,0
208,/content/drive/Colab Notebooks/project1_classification/Dataset/train/rabbits/rabbits016.jpg,0
209,/content/drive/Colab Notebooks/project1_classification/Dataset/train/rabbits/rabbits012.jpg,0
210,/content/drive/Colab Notebooks/project1_classification/Dataset/train/rabbits/rabbits019.jpg,0
211,/content/drive/Colab Notebooks/project1_classification/Dataset/train/rabbits/rabbits018.jpg,0
212,/content/drive/Colab Notebooks/project1_classification/Dataset/train/rabbits/rabbits021.jpg,0
213,/content/drive/Colab Notebooks/project1_classification/Dataset/train/rabbits/rabbits020.jpg,0
214,/content/drive/Colab Notebooks/project1_classification/Dataset/train/rabbits/rabbits022.jpg,0
215,/content/drive/Colab Notebooks/project1_classification/Dataset/train/rabbits/rabbits024.jpg,0
216,/content/drive/Colab Notebooks/project1_classification/Dataset/train/rabbits/rabbits028.jpg,0
217,/content/drive/Colab Notebooks/project1_classification/Dataset/train/rabbits/rabbits023.jpg,0
218,/content/drive/Colab Notebooks/project1_classification/Dataset/train/rabbits/rabbits027.jpg,0
219,/content/drive/Colab Notebooks/project1_classification/Dataset/train/rabbits/rabbits029.jpg,0
220,/content/drive/Colab Notebooks/project1_classification/Dataset/train/rabbits/rabbits025.jpg,0
221,/content/drive/Colab Notebooks/project1_classification/Dataset/train/rabbits/rabbits026.jpg,0
222,/content/drive/Colab Notebooks/project1_classification/Dataset/train/rabbits/rabbits030.jpg,0
223,/content/drive/Colab Notebooks/project1_classification/Dataset/train/rabbits/rabbits032.jpg,0
224,/content/drive/Colab Notebooks/project1_classification/Dataset/train/rabbits/rabbits033.jpg,0
225,/content/drive/Colab Notebooks/project1_classification/Dataset/train/rabbits/rabbits031.jpg,0
226,/content/drive/Colab Notebooks/project1_classification/Dataset/train/rabbits/rabbits034.jpg,0
227,/content/drive/Colab Notebooks/project1_classification/Dataset/train/rabbits/rabbits038.jpg,0
228,/content/drive/Colab Notebooks/project1_classification/Dataset/train/rabbits/rabbits036.jpg,0
229,/content/drive/Colab Notebooks/project1_classification/Dataset/train/rabbits/rabbits037.jpg,0
230,/content/drive/Colab Notebooks/project1_classification/Dataset/train/rabbits/rabbits035.jpg,0
231,/content/drive/Colab Notebooks/project1_classification/Dataset/train/rabbits/rabbits039.jpg,0
232,/content/drive/Colab Notebooks/project1_classification/Dataset/train/rabbits/rabbits040.jpg,0
233,/content/drive/Colab Notebooks/project1_classification/Dataset/train/rabbits/rabbits043.jpg,0
234,/content/drive/Colab Notebooks/project1_classification/Dataset/train/rabbits/rabbits042.jpg,0
235,/content/drive/Colab Notebooks/project1_classification/Dataset/train/rabbits/rabbits041.jpg,0
236,/content/drive/Colab Notebooks/project1_classification/Dataset/train/rabbits/rabbits047.jpg,0
237,/content/drive/Colab Notebooks/project1_classification/Dataset/train/rabbits/rabbits044.jpg,0
238,/content/drive/Colab Notebooks/project1_classification/Dataset/train/rabbits/rabbits045.jpg,0
239,/content/drive/Colab Notebooks/project1_classification/Dataset/train/rabbits/rabbits046.jpg,0
240,/content/drive/Colab Notebooks/project1_classification/Dataset/train/rabbits/rabbits048.jpg,0
241,/content/drive/Colab Notebooks/project1_classification/Dataset/train/rabbits/rabbits049.jpg,0
242,/content/drive/Colab Notebooks/project1_classification/Dataset/train/rabbits/rabbits050.jpg,0
243,/content/drive/Colab Notebooks/project1_classification/Dataset/train/rabbits/rabbits052.jpg,0
244,/content/drive/Colab Notebooks/project1_classification/Dataset/train/rabbits/rabbits053.jpg,0
245,/content/drive/Colab Notebooks/project1_classification/Dataset/train/rabbits/rabbits051.jpg,0
246,/content/drive/Colab Notebooks/project1_classification/Dataset/train/rabbits/rabbits056.jpg,0
247,/content/drive/Colab Notebooks/project1_classification/Dataset/train/rabbits/rabbits057.jpg,0
248,/content/drive/Colab Notebooks/project1_classification/Dataset/train/rabbits/rabbits054.jpg,0
249,/content/drive/Colab Notebooks/project1_classification/Dataset/train/rabbits/rabbits055.jpg,0
250,/content/drive/Colab Notebooks/project1_classification/Dataset/train/rabbits/rabbits058.jpg,0
251,/content/drive/Colab Notebooks/project1_classification/Dataset/train/rabbits/rabbits059.jpg,0
252,/content/drive/Colab Notebooks/project1_classification/Dataset/train/rabbits/rabbits060.jpg,0
253,/content/drive/Colab Notebooks/project1_classification/Dataset/train/rabbits/rabbits064.jpg,0
254,/content/drive/Colab Notebooks/project1_classification/Dataset/train/rabbits/rabbits061.jpg,0
255,/content/drive/Colab Notebooks/project1_classification/Dataset/train/rabbits/rabbits066.jpg,0
256,/content/drive/Colab Notebooks/project1_classification/Dataset/train/rabbits/rabbits063.jpg,0
257,/content/drive/Colab Notebooks/project1_classification/Dataset/train/rabbits/rabbits062.jpg,0
258,/content/drive/Colab Notebooks/project1_classification/Dataset/train/rabbits/rabbits068.jpg,0
259,/content/drive/Colab Notebooks/project1_classification/Dataset/train/rabbits/rabbits067.jpg,0
260,/content/drive/Colab Notebooks/project1_classification/Dataset/train/rabbits/rabbits069.jpg,0
261,/content/drive/Colab Notebooks/project1_classification/Dataset/train/rabbits/rabbits065.jpg,0
262,/content/drive/Colab Notebooks/project1_classification/Dataset/train/rabbits/rabbits070.jpg,0
263,/content/drive/Colab Notebooks/project1_classification/Dataset/train/rabbits/rabbits073.jpg,0
264,/content/drive/Colab Notebooks/project1_classification/Dataset/train/rabbits/rabbits072.jpg,0
265,/content/drive/Colab Notebooks/project1_classification/Dataset/train/rabbits/rabbits074.jpg,0
266,/content/drive/Colab Notebooks/project1_classification/Dataset/train/rabbits/rabbits071.jpg,0
267,/content/drive/Colab Notebooks/project1_classification/Dataset/train/rabbits/rabbits078.jpg,0
268,/content/drive/Colab Notebooks/project1_classification/Dataset/train/rabbits/rabbits076.jpg,0
269,/content/drive/Colab Notebooks/project1_classification/Dataset/train/rabbits/rabbits077.jpg,0
270,/content/drive/Colab Notebooks/project1_classification/Dataset/train/rabbits/rabbits075.jpg,0
271,/content/drive/Colab Notebooks/project1_classification/Dataset/train/rabbits/rabbits079.jpg,0
272,/content/drive/Colab Notebooks/project1_classification/Dataset/train/rabbits/rabbits080.jpg,0
273,/content/drive/Colab Notebooks/project1_classification/Dataset/train/rabbits/rabbits082.jpg,0
274,/content/drive/Colab Notebooks/project1_classification/Dataset/train/rabbits/rabbits081.jpg,0
275,/content/drive/Colab Notebooks/project1_classification/Dataset/train/rabbits/rabbits083.jpg,0
276,/content/drive/Colab Notebooks/project1_classification/Dataset/train/rabbits/rabbits089.jpg,0
277,/content/drive/Colab Notebooks/project1_classification/Dataset/train/rabbits/rabbits085.jpg,0
278,/content/drive/Colab Notebooks/project1_classification/Dataset/train/rabbits/rabbits088.jpg,0
279,/content/drive/Colab Notebooks/project1_classification/Dataset/train/rabbits/rabbits084.jpg,0
280,/content/drive/Colab Notebooks/project1_classification/Dataset/train/rabbits/rabbits087.jpg,0
281,/content/drive/Colab Notebooks/project1_classification/Dataset/train/rabbits/rabbits086.jpg,0
282,/content/drive/Colab Notebooks/project1_classification/Dataset/train/rabbits/rabbits090.jpg,0
283,/content/drive/Colab Notebooks/project1_classification/Dataset/train/rabbits/rabbits091.jpg,0
284,/content/drive/Colab Notebooks/project1_classification/Dataset/train/rabbits/rabbits093.jpg,0
285,/content/drive/Colab Notebooks/project1_classification/Dataset/train/rabbits/rabbits092.jpg,0
286,/content/drive/Colab Notebooks/project1_classification/Dataset/train/rabbits/rabbits094.jpg,0
287,/content/drive/Colab Notebooks/project1_classification/Dataset/train/rabbits/rabbits099.jpg,0
288,/content/drive/Colab Notebooks/project1_classification/Dataset/train/rabbits/rabbits100.jpg,0
289,/content/drive/Colab Notebooks/project1_classification/Dataset/train/rabbits/rabbits095.jpg,0
290,/content/drive/Colab Notebooks/project1_classification/Dataset/train/rabbits/rabbits096.jpg,0
291,/content/drive/Colab Notebooks/project1_classification/Dataset/train/rabbits/rabbits097.jpg,0
292,/content/drive/Colab Notebooks/project1_classification/Dataset/train/rabbits/rabbits101.jpg,0
293,/content/drive/Colab Notebooks/project1_classification/Dataset/train/rabbits/rabbits102.jpg,0
294,/content/drive/Colab Notebooks/project1_classification/Dataset/train/rabbits/rabbits104.jpg,0
295,/content/drive/Colab Notebooks/project1_classification/Dataset/train/rabbits/rabbits106.jpg,0
296,/content/drive/Colab Notebooks/project1_classification/Dataset/train/rabbits/rabbits103.jpg,0
297,/content/drive/Colab Notebooks/project1_classification/Dataset/train/rabbits/rabbits107.jpg,0
298,/content/drive/Colab Notebooks/project1_classification/Dataset/train/rabbits/rabbits109.jpg,0
299,/content/drive/Colab Notebooks/project1_classification/Dataset/train/rabbits/rabbits110.jpg,0
300,/content/drive/Colab Notebooks/project1_classification/Dataset/train/rabbits/rabbits098.jpg,0
301,/content/drive/Colab Notebooks/project1_classification/Dataset/train/rabbits/rabbits236.jpg,0
302,/content/drive/Colab Notebooks/project1_classification/Dataset/train/rabbits/rabbits000.jpg,0
303,/content/drive/Colab Notebooks/project1_classification/Dataset/train/rabbits/rabbits002.jpg,0
304,/content/drive/Colab Notebooks/project1_classification/Dataset/train/rabbits/rabbits001.jpg,0
305,/content/drive/Colab Notebooks/project1_classification/Dataset/train/rabbits/rabbits003.jpg,0
306,/content/drive/Colab Notebooks/project1_classification/Dataset/train/rabbits/rabbits004.jpg,0
307,/content/drive/Colab Notebooks/project1_classification/Dataset/train/rabbits/rabbits005.jpg,0
308,/content/drive/Colab Notebooks/project1_classification/Dataset/train/rabbits/rabbits007.jpg,0
309,/content/drive/Colab Notebooks/project1_classification/Dataset/train/rabbits/rabbits006.jpg,0
310,/content/drive/Colab Notebooks/project1_classification/Dataset/train/rats/rats170.jpg,1
311,/content/drive/Colab Notebooks/project1_classification/Dataset/train/rats/rats173.jpg,1
312,/content/drive/Colab Notebooks/project1_classification/Dataset/train/rats/rats172.jpg,1
313,/content/drive/Colab Notebooks/project1_classification/Dataset/train/rats/rats171.jpg,1
314,/content/drive/Colab Notebooks/project1_classification/Dataset/train/rats/rats178.jpg,1
315,/content/drive/Colab Notebooks/project1_classification/Dataset/train/rats/rats175.jpg,1
316,/content/drive/Colab Notebooks/project1_classification/Dataset/train/rats/rats179.jpg,1
317,/content/drive/Colab Notebooks/project1_classification/Dataset/train/rats/rats174.jpg,1
318,/content/drive/Colab Notebooks/project1_classification/Dataset/train/rats/rats176.jpg,1
319,/content/drive/Colab Notebooks/project1_classification/Dataset/train/rats/rats177.jpg,1
320,/content/drive/Colab Notebooks/project1_classification/Dataset/train/rats/rats180.jpg,1
321,/content/drive/Colab Notebooks/project1_classification/Dataset/train/rats/rats182.jpg,1
322,/content/drive/Colab Notebooks/project1_classification/Dataset/train/rats/rats181.jpg,1
323,/content/drive/Colab Notebooks/project1_classification/Dataset/train/rats/rats185.jpg,1
324,/content/drive/Colab Notebooks/project1_classification/Dataset/train/rats/rats187.jpg,1
325,/content/drive/Colab Notebooks/project1_classification/Dataset/train/rats/rats184.jpg,1
326,/content/drive/Colab Notebooks/project1_classification/Dataset/train/rats/rats188.jpg,1
327,/content/drive/Colab Notebooks/project1_classification/Dataset/train/rats/rats186.jpg,1
328,/content/drive/Colab Notebooks/project1_classification/Dataset/train/rats/rats183.jpg,1
329,/content/drive/Colab Notebooks/project1_classification/Dataset/train/rats/rats189.jpg,1
330,/content/drive/Colab Notebooks/project1_classification/Dataset/train/rats/rats191.jpg,1
331,/content/drive/Colab Notebooks/project1_classification/Dataset/train/rats/rats192.jpg,1
332,/content/drive/Colab Notebooks/project1_classification/Dataset/train/rats/rats195.jpg,1
333,/content/drive/Colab Notebooks/project1_classification/Dataset/train/rats/rats193.jpg,1
334,/content/drive/Colab Notebooks/project1_classification/Dataset/train/rats/rats197.jpg,1
335,/content/drive/Colab Notebooks/project1_classification/Dataset/train/rats/rats190.jpg,1
336,/content/drive/Colab Notebooks/project1_classification/Dataset/train/rats/rats199.jpg,1
337,/content/drive/Colab Notebooks/project1_classification/Dataset/train/rats/rats194.jpg,1
338,/content/drive/Colab Notebooks/project1_classification/Dataset/train/rats/rats196.jpg,1
339,/content/drive/Colab Notebooks/project1_classification/Dataset/train/rats/rats198.jpg,1
340,/content/drive/Colab Notebooks/project1_classification/Dataset/train/rats/rats200.jpg,1
341,/content/drive/Colab Notebooks/project1_classification/Dataset/train/rats/rats208.jpg,1
342,/content/drive/Colab Notebooks/project1_classification/Dataset/train/rats/rats209.jpg,1
343,/content/drive/Colab Notebooks/project1_classification/Dataset/train/rats/rats202.jpg,1
344,/content/drive/Colab Notebooks/project1_classification/Dataset/train/rats/rats201.jpg,1
345,/content/drive/Colab Notebooks/project1_classification/Dataset/train/rats/rats205.jpg,1
346,/content/drive/Colab Notebooks/project1_classification/Dataset/train/rats/rats203.jpg,1
347,/content/drive/Colab Notebooks/project1_classification/Dataset/train/rats/rats204.jpg,1
348,/content/drive/Colab Notebooks/project1_classification/Dataset/train/rats/rats207.jpg,1
349,/content/drive/Colab Notebooks/project1_classification/Dataset/train/rats/rats206.jpg,1
350,/content/drive/Colab Notebooks/project1_classification/Dataset/train/rats/rats211.jpg,1
351,/content/drive/Colab Notebooks/project1_classification/Dataset/train/rats/rats212.jpg,1
352,/content/drive/Colab Notebooks/project1_classification/Dataset/train/rats/rats213.jpg,1
353,/content/drive/Colab Notebooks/project1_classification/Dataset/train/rats/rats214.jpg,1
354,/content/drive/Colab Notebooks/project1_classification/Dataset/train/rats/rats217.jpg,1
355,/content/drive/Colab Notebooks/project1_classification/Dataset/train/rats/rats219.jpg,1
356,/content/drive/Colab Notebooks/project1_classification/Dataset/train/rats/rats215.jpg,1
357,/content/drive/Colab Notebooks/project1_classification/Dataset/train/rats/rats216.jpg,1
358,/content/drive/Colab Notebooks/project1_classification/Dataset/train/rats/rats218.jpg,1
359,/content/drive/Colab Notebooks/project1_classification/Dataset/train/rats/rats210.jpg,1
360,/content/drive/Colab Notebooks/project1_classification/Dataset/train/rats/rats220.jpg,1
361,/content/drive/Colab Notebooks/project1_classification/Dataset/train/rats/rats222.jpg,1
362,/content/drive/Colab Notebooks/project1_classification/Dataset/train/rats/rats224.jpg,1
363,/content/drive/Colab Notebooks/project1_classification/Dataset/train/rats/rats221.jpg,1
364,/content/drive/Colab Notebooks/project1_classification/Dataset/train/rats/rats223.jpg,1
365,/content/drive/Colab Notebooks/project1_classification/Dataset/train/rats/rats225.jpg,1
366,/content/drive/Colab Notebooks/project1_classification/Dataset/train/rats/rats227.jpg,1
367,/content/drive/Colab Notebooks/project1_classification/Dataset/train/rats/rats228.jpg,1
368,/content/drive/Colab Notebooks/project1_classification/Dataset/train/rats/rats229.jpg,1
369,/content/drive/Colab Notebooks/project1_classification/Dataset/train/rats/rats226.jpg,1
370,/content/drive/Colab Notebooks/project1_classification/Dataset/train/rats/rats230.jpg,1
371,/content/drive/Colab Notebooks/project1_classification/Dataset/train/rats/rats232.jpg,1
372,/content/drive/Colab Notebooks/project1_classification/Dataset/train/rats/rats231.jpg,1
373,/content/drive/Colab Notebooks/project1_classification/Dataset/train/rats/rats236.jpg,1
374,/content/drive/Colab Notebooks/project1_classification/Dataset/train/rats/rats237.jpg,1
375,/content/drive/Colab Notebooks/project1_classification/Dataset/train/rats/rats234.jpg,1
376,/content/drive/Colab Notebooks/project1_classification/Dataset/train/rats/rats233.jpg,1
377,/content/drive/Colab Notebooks/project1_classification/Dataset/train/rats/rats239.jpg,1
378,/content/drive/Colab Notebooks/project1_classification/Dataset/train/rats/rats238.jpg,1
379,/content/drive/Colab Notebooks/project1_classification/Dataset/train/rats/rats235.jpg,1
380,/content/drive/Colab Notebooks/project1_classification/Dataset/train/rats/rats240.jpg,1
381,/content/drive/Colab Notebooks/project1_classification/Dataset/train/rats/rats243.jpg,1
382,/content/drive/Colab Notebooks/project1_classification/Dataset/train/rats/rats244.jpg,1
383,/content/drive/Colab Notebooks/project1_classification/Dataset/train/rats/rats241.jpg,1
384,/content/drive/Colab Notebooks/project1_classification/Dataset/train/rats/rats242.jpg,1
385,/content/drive/Colab Notebooks/project1_classification/Dataset/train/rats/rats245.jpg,1
386,/content/drive/Colab Notebooks/project1_classification/Dataset/train/rats/rats248.jpg,1
387,/content/drive/Colab Notebooks/project1_classification/Dataset/train/rats/rats249.jpg,1
388,/content/drive/Colab Notebooks/project1_classification/Dataset/train/rats/rats246.jpg,1
389,/content/drive/Colab Notebooks/project1_classification/Dataset/train/rats/rats247.jpg,1
390,/content/drive/Colab Notebooks/project1_classification/Dataset/train/rats/rats250.jpg,1
391,/content/drive/Colab Notebooks/project1_classification/Dataset/train/rats/rats252.jpg,1
392,/content/drive/Colab Notebooks/project1_classification/Dataset/train/rats/rats251.jpg,1
393,/content/drive/Colab Notebooks/project1_classification/Dataset/train/rats/rats254.jpg,1
394,/content/drive/Colab Notebooks/project1_classification/Dataset/train/rats/rats256.jpg,1
395,/content/drive/Colab Notebooks/project1_classification/Dataset/train/rats/rats253.jpg,1
396,/content/drive/Colab Notebooks/project1_classification/Dataset/train/rats/rats258.jpg,1
397,/content/drive/Colab Notebooks/project1_classification/Dataset/train/rats/rats257.jpg,1
398,/content/drive/Colab Notebooks/project1_classification/Dataset/train/rats/rats259.jpg,1
399,/content/drive/Colab Notebooks/project1_classification/Dataset/train/rats/rats255.jpg,1
400,/content/drive/Colab Notebooks/project1_classification/Dataset/train/rats/rats261.jpg,1
401,/content/drive/Colab Notebooks/project1_classification/Dataset/train/rats/rats263.jpg,1
402,/content/drive/Colab Notebooks/project1_classification/Dataset/train/rats/rats264.jpg,1
403,/content/drive/Colab Notebooks/project1_classification/Dataset/train/rats/rats262.jpg,1
404,/content/drive/Colab Notebooks/project1_classification/Dataset/train/rats/rats268.jpg,1
405,/content/drive/Colab Notebooks/project1_classification/Dataset/train/rats/rats269.jpg,1
406,/content/drive/Colab Notebooks/project1_classification/Dataset/train/rats/rats267.jpg,1
407,/content/drive/Colab Notebooks/project1_classification/Dataset/train/rats/rats266.jpg,1
408,/content/drive/Colab Notebooks/project1_classification/Dataset/train/rats/rats265.jpg,1
409,/content/drive/Colab Notebooks/project1_classification/Dataset/train/rats/rats260.jpg,1
410,/content/drive/Colab Notebooks/project1_classification/Dataset/train/rats/rats070.jpg,1
411,/content/drive/Colab Notebooks/project1_classification/Dataset/train/rats/rats074.jpg,1
412,/content/drive/Colab Notebooks/project1_classification/Dataset/train/rats/rats071.jpg,1
413,/content/drive/Colab Notebooks/project1_classification/Dataset/train/rats/rats072.jpg,1
414,/content/drive/Colab Notebooks/project1_classification/Dataset/train/rats/rats073.jpg,1
415,/content/drive/Colab Notebooks/project1_classification/Dataset/train/rats/rats076.jpg,1
416,/content/drive/Colab Notebooks/project1_classification/Dataset/train/rats/rats077.jpg,1
417,/content/drive/Colab Notebooks/project1_classification/Dataset/train/rats/rats075.jpg,1
418,/content/drive/Colab Notebooks/project1_classification/Dataset/train/rats/rats079.jpg,1
419,/content/drive/Colab Notebooks/project1_classification/Dataset/train/rats/rats078.jpg,1
420,/content/drive/Colab Notebooks/project1_classification/Dataset/train/rats/rats080.jpg,1
421,/content/drive/Colab Notebooks/project1_classification/Dataset/train/rats/rats084.jpg,1
422,/content/drive/Colab Notebooks/project1_classification/Dataset/train/rats/rats085.jpg,1
423,/content/drive/Colab Notebooks/project1_classification/Dataset/train/rats/rats086.jpg,1
424,/content/drive/Colab Notebooks/project1_classification/Dataset/train/rats/rats081.jpg,1
425,/content/drive/Colab Notebooks/project1_classification/Dataset/train/rats/rats089.jpg,1
426,/content/drive/Colab Notebooks/project1_classification/Dataset/train/rats/rats083.jpg,1
427,/content/drive/Colab Notebooks/project1_classification/Dataset/train/rats/rats088.jpg,1
428,/content/drive/Colab Notebooks/project1_classification/Dataset/train/rats/rats087.jpg,1
429,/content/drive/Colab Notebooks/project1_classification/Dataset/train/rats/rats082.jpg,1
430,/content/drive/Colab Notebooks/project1_classification/Dataset/train/rats/rats090.jpg,1
431,/content/drive/Colab Notebooks/project1_classification/Dataset/train/rats/rats092.jpg,1
432,/content/drive/Colab Notebooks/project1_classification/Dataset/train/rats/rats091.jpg,1
433,/content/drive/Colab Notebooks/project1_classification/Dataset/train/rats/rats093.jpg,1
434,/content/drive/Colab Notebooks/project1_classification/Dataset/train/rats/rats094.jpg,1
435,/content/drive/Colab Notebooks/project1_classification/Dataset/train/rats/rats099.jpg,1
436,/content/drive/Colab Notebooks/project1_classification/Dataset/train/rats/rats098.jpg,1
437,/content/drive/Colab Notebooks/project1_classification/Dataset/train/rats/rats096.jpg,1
438,/content/drive/Colab Notebooks/project1_classification/Dataset/train/rats/rats095.jpg,1
439,/content/drive/Colab Notebooks/project1_classification/Dataset/train/rats/rats097.jpg,1
440,/content/drive/Colab Notebooks/project1_classification/Dataset/train/rats/rats100.jpg,1
441,/content/drive/Colab Notebooks/project1_classification/Dataset/train/rats/rats102.jpg,1
442,/content/drive/Colab Notebooks/project1_classification/Dataset/train/rats/rats101.jpg,1
443,/content/drive/Colab Notebooks/project1_classification/Dataset/train/rats/rats105.jpg,1
444,/content/drive/Colab Notebooks/project1_classification/Dataset/train/rats/rats104.jpg,1
445,/content/drive/Colab Notebooks/project1_classification/Dataset/train/rats/rats103.jpg,1
446,/content/drive/Colab Notebooks/project1_classification/Dataset/train/rats/rats106.jpg,1
447,/content/drive/Colab Notebooks/project1_classification/Dataset/train/rats/rats109.jpg,1
448,/content/drive/Colab Notebooks/project1_classification/Dataset/train/rats/rats107.jpg,1
449,/content/drive/Colab Notebooks/project1_classification/Dataset/train/rats/rats108.jpg,1
450,/content/drive/Colab Notebooks/project1_classification/Dataset/train/rats/rats110.jpg,1
451,/content/drive/Colab Notebooks/project1_classification/Dataset/train/rats/rats112.jpg,1
452,/content/drive/Colab Notebooks/project1_classification/Dataset/train/rats/rats113.jpg,1
453,/content/drive/Colab Notebooks/project1_classification/Dataset/train/rats/rats111.jpg,1
454,/content/drive/Colab Notebooks/project1_classification/Dataset/train/rats/rats117.jpg,1
455,/content/drive/Colab Notebooks/project1_classification/Dataset/train/rats/rats114.jpg,1
456,/content/drive/Colab Notebooks/project1_classification/Dataset/train/rats/rats118.jpg,1
457,/content/drive/Colab Notebooks/project1_classification/Dataset/train/rats/rats116.jpg,1
458,/content/drive/Colab Notebooks/project1_classification/Dataset/train/rats/rats115.jpg,1
459,/content/drive/Colab Notebooks/project1_classification/Dataset/train/rats/rats119.jpg,1
460,/content/drive/Colab Notebooks/project1_classification/Dataset/train/rats/rats120.jpg,1
461,/content/drive/Colab Notebooks/project1_classification/Dataset/train/rats/rats122.jpg,1
462,/content/drive/Colab Notebooks/project1_classification/Dataset/train/rats/rats123.jpg,1
463,/content/drive/Colab Notebooks/project1_classification/Dataset/train/rats/rats121.jpg,1
464,/content/drive/Colab Notebooks/project1_classification/Dataset/train/rats/rats125.jpg,1
465,/content/drive/Colab Notebooks/project1_classification/Dataset/train/rats/rats129.jpg,1
466,/content/drive/Colab Notebooks/project1_classification/Dataset/train/rats/rats126.jpg,1
467,/content/drive/Colab Notebooks/project1_classification/Dataset/train/rats/rats124.jpg,1
468,/content/drive/Colab Notebooks/project1_classification/Dataset/train/rats/rats127.jpg,1
469,/content/drive/Colab Notebooks/project1_classification/Dataset/train/rats/rats128.jpg,1
470,/content/drive/Colab Notebooks/project1_classification/Dataset/train/rats/rats130.jpg,1
471,/content/drive/Colab Notebooks/project1_classification/Dataset/train/rats/rats131.jpg,1
472,/content/drive/Colab Notebooks/project1_classification/Dataset/train/rats/rats133.jpg,1
473,/content/drive/Colab Notebooks/project1_classification/Dataset/train/rats/rats134.jpg,1
474,/content/drive/Colab Notebooks/project1_classification/Dataset/train/rats/rats132.jpg,1
475,/content/drive/Colab Notebooks/project1_classification/Dataset/train/rats/rats135.jpg,1
476,/content/drive/Colab Notebooks/project1_classification/Dataset/train/rats/rats138.jpg,1
477,/content/drive/Colab Notebooks/project1_classification/Dataset/train/rats/rats136.jpg,1
478,/content/drive/Colab Notebooks/project1_classification/Dataset/train/rats/rats139.jpg,1
479,/content/drive/Colab Notebooks/project1_classification/Dataset/train/rats/rats137.jpg,1
480,/content/drive/Colab Notebooks/project1_classification/Dataset/train/rats/rats141.jpg,1
481,/content/drive/Colab Notebooks/project1_classification/Dataset/train/rats/rats146.jpg,1
482,/content/drive/Colab Notebooks/project1_classification/Dataset/train/rats/rats142.jpg,1
483,/content/drive/Colab Notebooks/project1_classification/Dataset/train/rats/rats143.jpg,1
484,/content/drive/Colab Notebooks/project1_classification/Dataset/train/rats/rats145.jpg,1
485,/content/drive/Colab Notebooks/project1_classification/Dataset/train/rats/rats149.jpg,1
486,/content/drive/Colab Notebooks/project1_classification/Dataset/train/rats/rats147.jpg,1
487,/content/drive/Colab Notebooks/project1_classification/Dataset/train/rats/rats148.jpg,1
488,/content/drive/Colab Notebooks/project1_classification/Dataset/train/rats/rats144.jpg,1
489,/content/drive/Colab Notebooks/project1_classification/Dataset/train/rats/rats140.jpg,1
490,/content/drive/Colab Notebooks/project1_classification/Dataset/train/rats/rats150.jpg,1
491,/content/drive/Colab Notebooks/project1_classification/Dataset/train/rats/rats154.jpg,1
492,/content/drive/Colab Notebooks/project1_classification/Dataset/train/rats/rats152.jpg,1
493,/content/drive/Colab Notebooks/project1_classification/Dataset/train/rats/rats155.jpg,1
494,/content/drive/Colab Notebooks/project1_classification/Dataset/train/rats/rats157.jpg,1
495,/content/drive/Colab Notebooks/project1_classification/Dataset/train/rats/rats156.jpg,1
496,/content/drive/Colab Notebooks/project1_classification/Dataset/train/rats/rats151.jpg,1
497,/content/drive/Colab Notebooks/project1_classification/Dataset/train/rats/rats159.jpg,1
498,/content/drive/Colab Notebooks/project1_classification/Dataset/train/rats/rats158.jpg,1
499,/content/drive/Colab Notebooks/project1_classification/Dataset/train/rats/rats153.jpg,1
500,/content/drive/Colab Notebooks/project1_classification/Dataset/train/rats/rats160.jpg,1
501,/content/drive/Colab Notebooks/project1_classification/Dataset/train/rats/rats169.jpg,1
502,/content/drive/Colab Notebooks/project1_classification/Dataset/train/rats/rats161.jpg,1
503,/content/drive/Colab Notebooks/project1_classification/Dataset/train/rats/rats165.jpg,1
504,/content/drive/Colab Notebooks/project1_classification/Dataset/train/rats/rats163.jpg,1
505,/content/drive/Colab Notebooks/project1_classification/Dataset/train/rats/rats164.jpg,1
506,/content/drive/Colab Notebooks/project1_classification/Dataset/train/rats/rats168.jpg,1
507,/content/drive/Colab Notebooks/project1_classification/Dataset/train/rats/rats167.jpg,1
508,/content/drive/Colab Notebooks/project1_classification/Dataset/train/rats/rats166.jpg,1
509,/content/drive/Colab Notebooks/project1_classification/Dataset/train/rats/rats162.jpg,1
510,/content/drive/Colab Notebooks/project1_classification/Dataset/train/rats/rats000.jpg,1
511,/content/drive/Colab Notebooks/project1_classification/Dataset/train/rats/rats002.jpg,1
512,/content/drive/Colab Notebooks/project1_classification/Dataset/train/rats/rats006.jpg,1
513,/content/drive/Colab Notebooks/project1_classification/Dataset/train/rats/rats004.jpg,1
514,/content/drive/Colab Notebooks/project1_classification/Dataset/train/rats/rats003.jpg,1
515,/content/drive/Colab Notebooks/project1_classification/Dataset/train/rats/rats009.jpg,1
516,/content/drive/Colab Notebooks/project1_classification/Dataset/train/rats/rats008.jpg,1
517,/content/drive/Colab Notebooks/project1_classification/Dataset/train/rats/rats007.jpg,1
518,/content/drive/Colab Notebooks/project1_classification/Dataset/train/rats/rats005.jpg,1
519,/content/drive/Colab Notebooks/project1_classification/Dataset/train/rats/rats001.jpg,1
520,/content/drive/Colab Notebooks/project1_classification/Dataset/train/rats/rats010.jpg,1
521,/content/drive/Colab Notebooks/project1_classification/Dataset/train/rats/rats012.jpg,1
522,/content/drive/Colab Notebooks/project1_classification/Dataset/train/rats/rats011.jpg,1
523,/content/drive/Colab Notebooks/project1_classification/Dataset/train/rats/rats013.jpg,1
524,/content/drive/Colab Notebooks/project1_classification/Dataset/train/rats/rats014.jpg,1
525,/content/drive/Colab Notebooks/project1_classification/Dataset/train/rats/rats015.jpg,1
526,/content/drive/Colab Notebooks/project1_classification/Dataset/train/rats/rats016.jpg,1
527,/content/drive/Colab Notebooks/project1_classification/Dataset/train/rats/rats018.jpg,1
528,/content/drive/Colab Notebooks/project1_classification/Dataset/train/rats/rats017.jpg,1
529,/content/drive/Colab Notebooks/project1_classification/Dataset/train/rats/rats019.jpg,1
530,/content/drive/Colab Notebooks/project1_classification/Dataset/train/rats/rats020.jpg,1
531,/content/drive/Colab Notebooks/project1_classification/Dataset/train/rats/rats022.jpg,1
532,/content/drive/Colab Notebooks/project1_classification/Dataset/train/rats/rats025.jpg,1
533,/content/drive/Colab Notebooks/project1_classification/Dataset/train/rats/rats027.jpg,1
534,/content/drive/Colab Notebooks/project1_classification/Dataset/train/rats/rats024.jpg,1
535,/content/drive/Colab Notebooks/project1_classification/Dataset/train/rats/rats021.jpg,1
536,/content/drive/Colab Notebooks/project1_classification/Dataset/train/rats/rats029.jpg,1
537,/content/drive/Colab Notebooks/project1_classification/Dataset/train/rats/rats028.jpg,1
538,/content/drive/Colab Notebooks/project1_classification/Dataset/train/rats/rats026.jpg,1
539,/content/drive/Colab Notebooks/project1_classification/Dataset/train/rats/rats023.jpg,1
540,/content/drive/Colab Notebooks/project1_classification/Dataset/train/rats/rats037.jpg,1
541,/content/drive/Colab Notebooks/project1_classification/Dataset/train/rats/rats030.jpg,1
542,/content/drive/Colab Notebooks/project1_classification/Dataset/train/rats/rats031.jpg,1
543,/content/drive/Colab Notebooks/project1_classification/Dataset/train/rats/rats039.jpg,1
544,/content/drive/Colab Notebooks/project1_classification/Dataset/train/rats/rats034.jpg,1
545,/content/drive/Colab Notebooks/project1_classification/Dataset/train/rats/rats035.jpg,1
546,/content/drive/Colab Notebooks/project1_classification/Dataset/train/rats/rats033.jpg,1
547,/content/drive/Colab Notebooks/project1_classification/Dataset/train/rats/rats038.jpg,1
548,/content/drive/Colab Notebooks/project1_classification/Dataset/train/rats/rats036.jpg,1
549,/content/drive/Colab Notebooks/project1_classification/Dataset/train/rats/rats032.jpg,1
550,/content/drive/Colab Notebooks/project1_classification/Dataset/train/rats/rats040.jpg,1
551,/content/drive/Colab Notebooks/project1_classification/Dataset/train/rats/rats041.jpg,1
552,/content/drive/Colab Notebooks/project1_classification/Dataset/train/rats/rats044.jpg,1
553,/content/drive/Colab Notebooks/project1_classification/Dataset/train/rats/rats042.jpg,1
554,/content/drive/Colab Notebooks/project1_classification/Dataset/train/rats/rats043.jpg,1
555,/content/drive/Colab Notebooks/project1_classification/Dataset/train/rats/rats046.jpg,1
556,/content/drive/Colab Notebooks/project1_classification/Dataset/train/rats/rats047.jpg,1
557,/content/drive/Colab Notebooks/project1_classification/Dataset/train/rats/rats049.jpg,1
558,/content/drive/Colab Notebooks/project1_classification/Dataset/train/rats/rats048.jpg,1
559,/content/drive/Colab Notebooks/project1_classification/Dataset/train/rats/rats045.jpg,1
560,/content/drive/Colab Notebooks/project1_classification/Dataset/train/rats/rats050.jpg,1
561,/content/drive/Colab Notebooks/project1_classification/Dataset/train/rats/rats051.jpg,1
562,/content/drive/Colab Notebooks/project1_classification/Dataset/train/rats/rats052.jpg,1
563,/content/drive/Colab Notebooks/project1_classification/Dataset/train/rats/rats053.jpg,1
564,/content/drive/Colab Notebooks/project1_classification/Dataset/train/rats/rats055.jpg,1
565,/content/drive/Colab Notebooks/project1_classification/Dataset/train/rats/rats054.jpg,1
566,/content/drive/Colab Notebooks/project1_classification/Dataset/train/rats/rats057.jpg,1
567,/content/drive/Colab Notebooks/project1_classification/Dataset/train/rats/rats059.jpg,1
568,/content/drive/Colab Notebooks/project1_classification/Dataset/train/rats/rats056.jpg,1
569,/content/drive/Colab Notebooks/project1_classification/Dataset/train/rats/rats058.jpg,1
570,/content/drive/Colab Notebooks/project1_classification/Dataset/train/rats/rats061.jpg,1
571,/content/drive/Colab Notebooks/project1_classification/Dataset/train/rats/rats064.jpg,1
572,/content/drive/Colab Notebooks/project1_classification/Dataset/train/rats/rats065.jpg,1
573,/content/drive/Colab Notebooks/project1_classification/Dataset/train/rats/rats063.jpg,1
574,/content/drive/Colab Notebooks/project1_classification/Dataset/train/rats/rats062.jpg,1
575,/content/drive/Colab Notebooks/project1_classification/Dataset/train/rats/rats066.jpg,1
576,/content/drive/Colab Notebooks/project1_classification/Dataset/train/rats/rats060.jpg,1
577,/content/drive/Colab Notebooks/project1_classification/Dataset/train/rats/rats067.jpg,1
578,/content/drive/Colab Notebooks/project1_classification/Dataset/train/rats/rats069.jpg,1
579,/content/drive/Colab Notebooks/project1_classification/Dataset/train/rats/rats068.jpg,1
580,/content/drive/Colab Notebooks/project1_classification/Dataset/train/chickens/chickens210.jpg,2
581,/content/drive/Colab Notebooks/project1_classification/Dataset/train/chickens/chickens213.jpg,2
582,/content/drive/Colab Notebooks/project1_classification/Dataset/train/chickens/chickens211.jpg,2
583,/content/drive/Colab Notebooks/project1_classification/Dataset/train/chickens/chickens209.jpg,2
584,/content/drive/Colab Notebooks/project1_classification/Dataset/train/chickens/chickens214.jpg,2
585,/content/drive/Colab Notebooks/project1_classification/Dataset/train/chickens/chickens216.jpg,2
586,/content/drive/Colab Notebooks/project1_classification/Dataset/train/chickens/chickens217.jpg,2
587,/content/drive/Colab Notebooks/project1_classification/Dataset/train/chickens/chickens215.jpg,2
588,/content/drive/Colab Notebooks/project1_classification/Dataset/train/chickens/chickens219.jpg,2
589,/content/drive/Colab Notebooks/project1_classification/Dataset/train/chickens/chickens218.jpg,2
590,/content/drive/Colab Notebooks/project1_classification/Dataset/train/chickens/chickens222.jpg,2
591,/content/drive/Colab Notebooks/project1_classification/Dataset/train/chickens/chickens220.jpg,2
592,/content/drive/Colab Notebooks/project1_classification/Dataset/train/chickens/chickens221.jpg,2
593,/content/drive/Colab Notebooks/project1_classification/Dataset/train/chickens/chickens223.jpg,2
594,/content/drive/Colab Notebooks/project1_classification/Dataset/train/chickens/chickens224.jpg,2
595,/content/drive/Colab Notebooks/project1_classification/Dataset/train/chickens/chickens225.jpg,2
596,/content/drive/Colab Notebooks/project1_classification/Dataset/train/chickens/chickens226.jpg,2
597,/content/drive/Colab Notebooks/project1_classification/Dataset/train/chickens/chickens227.jpg,2
598,/content/drive/Colab Notebooks/project1_classification/Dataset/train/chickens/chickens228.jpg,2
599,/content/drive/Colab Notebooks/project1_classification/Dataset/train/chickens/chickens233.jpg,2
600,/content/drive/Colab Notebooks/project1_classification/Dataset/train/chickens/chickens232.jpg,2
601,/content/drive/Colab Notebooks/project1_classification/Dataset/train/chickens/chickens231.jpg,2
602,/content/drive/Colab Notebooks/project1_classification/Dataset/train/chickens/chickens229.jpg,2
603,/content/drive/Colab Notebooks/project1_classification/Dataset/train/chickens/chickens230.jpg,2
604,/content/drive/Colab Notebooks/project1_classification/Dataset/train/chickens/chickens234.jpg,2
605,/content/drive/Colab Notebooks/project1_classification/Dataset/train/chickens/chickens235.jpg,2
606,/content/drive/Colab Notebooks/project1_classification/Dataset/train/chickens/chickens236.jpg,2
607,/content/drive/Colab Notebooks/project1_classification/Dataset/train/chickens/chickens237.jpg,2
608,/content/drive/Colab Notebooks/project1_classification/Dataset/train/chickens/chickens240.jpg,2
609,/content/drive/Colab Notebooks/project1_classification/Dataset/train/chickens/chickens239.jpg,2
610,/content/drive/Colab Notebooks/project1_classification/Dataset/train/chickens/chickens241.jpg,2
611,/content/drive/Colab Notebooks/project1_classification/Dataset/train/chickens/chickens238.jpg,2
612,/content/drive/Colab Notebooks/project1_classification/Dataset/train/chickens/chickens242.jpg,2
613,/content/drive/Colab Notebooks/project1_classification/Dataset/train/chickens/chickens243.jpg,2
614,/content/drive/Colab Notebooks/project1_classification/Dataset/train/chickens/chickens244.jpg,2
615,/content/drive/Colab Notebooks/project1_classification/Dataset/train/chickens/chickens245.jpg,2
616,/content/drive/Colab Notebooks/project1_classification/Dataset/train/chickens/chickens246.jpg,2
617,/content/drive/Colab Notebooks/project1_classification/Dataset/train/chickens/chickens248.jpg,2
618,/content/drive/Colab Notebooks/project1_classification/Dataset/train/chickens/chickens249.jpg,2
619,/content/drive/Colab Notebooks/project1_classification/Dataset/train/chickens/chickens250.jpg,2
620,/content/drive/Colab Notebooks/project1_classification/Dataset/train/chickens/chickens247.jpg,2
621,/content/drive/Colab Notebooks/project1_classification/Dataset/train/chickens/chickens251.jpg,2
622,/content/drive/Colab Notebooks/project1_classification/Dataset/train/chickens/chickens253.jpg,2
623,/content/drive/Colab Notebooks/project1_classification/Dataset/train/chickens/chickens252.jpg,2
624,/content/drive/Colab Notebooks/project1_classification/Dataset/train/chickens/chickens254.jpg,2
625,/content/drive/Colab Notebooks/project1_classification/Dataset/train/chickens/chickens255.jpg,2
626,/content/drive/Colab Notebooks/project1_classification/Dataset/train/chickens/chickens256.jpg,2
627,/content/drive/Colab Notebooks/project1_classification/Dataset/train/chickens/chickens259.jpg,2
628,/content/drive/Colab Notebooks/project1_classification/Dataset/train/chickens/chickens258.jpg,2
629,/content/drive/Colab Notebooks/project1_classification/Dataset/train/chickens/chickens257.jpg,2
630,/content/drive/Colab Notebooks/project1_classification/Dataset/train/chickens/chickens260.jpg,2
631,/content/drive/Colab Notebooks/project1_classification/Dataset/train/chickens/chickens262.jpg,2
632,/content/drive/Colab Notebooks/project1_classification/Dataset/train/chickens/chickens261.jpg,2
633,/content/drive/Colab Notebooks/project1_classification/Dataset/train/chickens/chickens263.jpg,2
634,/content/drive/Colab Notebooks/project1_classification/Dataset/train/chickens/chickens264.jpg,2
635,/content/drive/Colab Notebooks/project1_classification/Dataset/train/chickens/chickens266.jpg,2
636,/content/drive/Colab Notebooks/project1_classification/Dataset/train/chickens/chickens265.jpg,2
637,/content/drive/Colab Notebooks/project1_classification/Dataset/train/chickens/chickens267.jpg,2
638,/content/drive/Colab Notebooks/project1_classification/Dataset/train/chickens/chickens270.jpg,2
639,/content/drive/Colab Notebooks/project1_classification/Dataset/train/chickens/chickens268.jpg,2
640,/content/drive/Colab Notebooks/project1_classification/Dataset/train/chickens/chickens271.jpg,2
641,/content/drive/Colab Notebooks/project1_classification/Dataset/train/chickens/chickens269.jpg,2
642,/content/drive/Colab Notebooks/project1_classification/Dataset/train/chickens/chickens272.jpg,2
643,/content/drive/Colab Notebooks/project1_classification/Dataset/train/chickens/chickens273.jpg,2
644,/content/drive/Colab Notebooks/project1_classification/Dataset/train/chickens/chickens274.jpg,2
645,/content/drive/Colab Notebooks/project1_classification/Dataset/train/chickens/chickens275.jpg,2
646,/content/drive/Colab Notebooks/project1_classification/Dataset/train/chickens/chickens276.jpg,2
647,/content/drive/Colab Notebooks/project1_classification/Dataset/train/chickens/chickens277.jpg,2
648,/content/drive/Colab Notebooks/project1_classification/Dataset/train/chickens/chickens281.jpg,2
649,/content/drive/Colab Notebooks/project1_classification/Dataset/train/chickens/chickens278.jpg,2
650,/content/drive/Colab Notebooks/project1_classification/Dataset/train/chickens/chickens279.jpg,2
651,/content/drive/Colab Notebooks/project1_classification/Dataset/train/chickens/chickens282.jpg,2
652,/content/drive/Colab Notebooks/project1_classification/Dataset/train/chickens/chickens280.jpg,2
653,/content/drive/Colab Notebooks/project1_classification/Dataset/train/chickens/chickens283.jpg,2
654,/content/drive/Colab Notebooks/project1_classification/Dataset/train/chickens/chickens284.jpg,2
655,/content/drive/Colab Notebooks/project1_classification/Dataset/train/chickens/chickens285.jpg,2
656,/content/drive/Colab Notebooks/project1_classification/Dataset/train/chickens/chickens286.jpg,2
657,/content/drive/Colab Notebooks/project1_classification/Dataset/train/chickens/chickens287.jpg,2
658,/content/drive/Colab Notebooks/project1_classification/Dataset/train/chickens/chickens290.jpg,2
659,/content/drive/Colab Notebooks/project1_classification/Dataset/train/chickens/chickens288.jpg,2
660,/content/drive/Colab Notebooks/project1_classification/Dataset/train/chickens/chickens289.jpg,2
661,/content/drive/Colab Notebooks/project1_classification/Dataset/train/chickens/chickens291.jpg,2
662,/content/drive/Colab Notebooks/project1_classification/Dataset/train/chickens/chickens292.jpg,2
663,/content/drive/Colab Notebooks/project1_classification/Dataset/train/chickens/chickens293.jpg,2
664,/content/drive/Colab Notebooks/project1_classification/Dataset/train/chickens/chickens294.jpg,2
665,/content/drive/Colab Notebooks/project1_classification/Dataset/train/chickens/chickens296.jpg,2
666,/content/drive/Colab Notebooks/project1_classification/Dataset/train/chickens/chickens299.jpg,2
667,/content/drive/Colab Notebooks/project1_classification/Dataset/train/chickens/chickens295.jpg,2
668,/content/drive/Colab Notebooks/project1_classification/Dataset/train/chickens/chickens300.jpg,2
669,/content/drive/Colab Notebooks/project1_classification/Dataset/train/chickens/chickens297.jpg,2
670,/content/drive/Colab Notebooks/project1_classification/Dataset/train/chickens/chickens298.jpg,2
671,/content/drive/Colab Notebooks/project1_classification/Dataset/train/chickens/chickens303.jpg,2
672,/content/drive/Colab Notebooks/project1_classification/Dataset/train/chickens/chickens301.jpg,2
673,/content/drive/Colab Notebooks/project1_classification/Dataset/train/chickens/chickens302.jpg,2
674,/content/drive/Colab Notebooks/project1_classification/Dataset/train/chickens/chickens304.jpg,2
675,/content/drive/Colab Notebooks/project1_classification/Dataset/train/chickens/chickens305.jpg,2
676,/content/drive/Colab Notebooks/project1_classification/Dataset/train/chickens/chickens306.jpg,2
677,/content/drive/Colab Notebooks/project1_classification/Dataset/train/chickens/chickens307.jpg,2
678,/content/drive/Colab Notebooks/project1_classification/Dataset/train/chickens/chickens309.jpg,2
679,/content/drive/Colab Notebooks/project1_classification/Dataset/train/chickens/chickens308.jpg,2
680,/content/drive/Colab Notebooks/project1_classification/Dataset/train/chickens/chickens111.jpg,2
681,/content/drive/Colab Notebooks/project1_classification/Dataset/train/chickens/chickens109.jpg,2
682,/content/drive/Colab Notebooks/project1_classification/Dataset/train/chickens/chickens108.jpg,2
683,/content/drive/Colab Notebooks/project1_classification/Dataset/train/chickens/chickens110.jpg,2
684,/content/drive/Colab Notebooks/project1_classification/Dataset/train/chickens/chickens112.jpg,2
685,/content/drive/Colab Notebooks/project1_classification/Dataset/train/chickens/chickens115.jpg,2
686,/content/drive/Colab Notebooks/project1_classification/Dataset/train/chickens/chickens114.jpg,2
687,/content/drive/Colab Notebooks/project1_classification/Dataset/train/chickens/chickens113.jpg,2
688,/content/drive/Colab Notebooks/project1_classification/Dataset/train/chickens/chickens116.jpg,2
689,/content/drive/Colab Notebooks/project1_classification/Dataset/train/chickens/chickens117.jpg,2
690,/content/drive/Colab Notebooks/project1_classification/Dataset/train/chickens/chickens118.jpg,2
691,/content/drive/Colab Notebooks/project1_classification/Dataset/train/chickens/chickens119.jpg,2
692,/content/drive/Colab Notebooks/project1_classification/Dataset/train/chickens/chickens121.jpg,2
693,/content/drive/Colab Notebooks/project1_classification/Dataset/train/chickens/chickens120.jpg,2
694,/content/drive/Colab Notebooks/project1_classification/Dataset/train/chickens/chickens122.jpg,2
695,/content/drive/Colab Notebooks/project1_classification/Dataset/train/chickens/chickens124.jpg,2
696,/content/drive/Colab Notebooks/project1_classification/Dataset/train/chickens/chickens123.jpg,2
697,/content/drive/Colab Notebooks/project1_classification/Dataset/train/chickens/chickens125.jpg,2
698,/content/drive/Colab Notebooks/project1_classification/Dataset/train/chickens/chickens126.jpg,2
699,/content/drive/Colab Notebooks/project1_classification/Dataset/train/chickens/chickens131.jpg,2
700,/content/drive/Colab Notebooks/project1_classification/Dataset/train/chickens/chickens127.jpg,2
701,/content/drive/Colab Notebooks/project1_classification/Dataset/train/chickens/chickens130.jpg,2
702,/content/drive/Colab Notebooks/project1_classification/Dataset/train/chickens/chickens129.jpg,2
703,/content/drive/Colab Notebooks/project1_classification/Dataset/train/chickens/chickens128.jpg,2
704,/content/drive/Colab Notebooks/project1_classification/Dataset/train/chickens/chickens132.jpg,2
705,/content/drive/Colab Notebooks/project1_classification/Dataset/train/chickens/chickens135.jpg,2
706,/content/drive/Colab Notebooks/project1_classification/Dataset/train/chickens/chickens133.jpg,2
707,/content/drive/Colab Notebooks/project1_classification/Dataset/train/chickens/chickens134.jpg,2
708,/content/drive/Colab Notebooks/project1_classification/Dataset/train/chickens/chickens136.jpg,2
709,/content/drive/Colab Notebooks/project1_classification/Dataset/train/chickens/chickens138.jpg,2
710,/content/drive/Colab Notebooks/project1_classification/Dataset/train/chickens/chickens139.jpg,2
711,/content/drive/Colab Notebooks/project1_classification/Dataset/train/chickens/chickens141.jpg,2
712,/content/drive/Colab Notebooks/project1_classification/Dataset/train/chickens/chickens140.jpg,2
713,/content/drive/Colab Notebooks/project1_classification/Dataset/train/chickens/chickens137.jpg,2
714,/content/drive/Colab Notebooks/project1_classification/Dataset/train/chickens/chickens142.jpg,2
715,/content/drive/Colab Notebooks/project1_classification/Dataset/train/chickens/chickens143.jpg,2
716,/content/drive/Colab Notebooks/project1_classification/Dataset/train/chickens/chickens144.jpg,2
717,/content/drive/Colab Notebooks/project1_classification/Dataset/train/chickens/chickens145.jpg,2
718,/content/drive/Colab Notebooks/project1_classification/Dataset/train/chickens/chickens147.jpg,2
719,/content/drive/Colab Notebooks/project1_classification/Dataset/train/chickens/chickens149.jpg,2
720,/content/drive/Colab Notebooks/project1_classification/Dataset/train/chickens/chickens148.jpg,2
721,/content/drive/Colab Notebooks/project1_classification/Dataset/train/chickens/chickens146.jpg,2
722,/content/drive/Colab Notebooks/project1_classification/Dataset/train/chickens/chickens151.jpg,2
723,/content/drive/Colab Notebooks/project1_classification/Dataset/train/chickens/chickens150.jpg,2
724,/content/drive/Colab Notebooks/project1_classification/Dataset/train/chickens/chickens152.jpg,2
725,/content/drive/Colab Notebooks/project1_classification/Dataset/train/chickens/chickens153.jpg,2
726,/content/drive/Colab Notebooks/project1_classification/Dataset/train/chickens/chickens154.jpg,2
727,/content/drive/Colab Notebooks/project1_classification/Dataset/train/chickens/chickens157.jpg,2
728,/content/drive/Colab Notebooks/project1_classification/Dataset/train/chickens/chickens155.jpg,2
729,/content/drive/Colab Notebooks/project1_classification/Dataset/train/chickens/chickens159.jpg,2
730,/content/drive/Colab Notebooks/project1_classification/Dataset/train/chickens/chickens158.jpg,2
731,/content/drive/Colab Notebooks/project1_classification/Dataset/train/chickens/chickens156.jpg,2
732,/content/drive/Colab Notebooks/project1_classification/Dataset/train/chickens/chickens160.jpg,2
733,/content/drive/Colab Notebooks/project1_classification/Dataset/train/chickens/chickens161.jpg,2
734,/content/drive/Colab Notebooks/project1_classification/Dataset/train/chickens/chickens162.jpg,2
735,/content/drive/Colab Notebooks/project1_classification/Dataset/train/chickens/chickens165.jpg,2
736,/content/drive/Colab Notebooks/project1_classification/Dataset/train/chickens/chickens163.jpg,2
737,/content/drive/Colab Notebooks/project1_classification/Dataset/train/chickens/chickens164.jpg,2
738,/content/drive/Colab Notebooks/project1_classification/Dataset/train/chickens/chickens166.jpg,2
739,/content/drive/Colab Notebooks/project1_classification/Dataset/train/chickens/chickens167.jpg,2
740,/content/drive/Colab Notebooks/project1_classification/Dataset/train/chickens/chickens171.jpg,2
741,/content/drive/Colab Notebooks/project1_classification/Dataset/train/chickens/chickens170.jpg,2
742,/content/drive/Colab Notebooks/project1_classification/Dataset/train/chickens/chickens172.jpg,2
743,/content/drive/Colab Notebooks/project1_classification/Dataset/train/chickens/chickens169.jpg,2
744,/content/drive/Colab Notebooks/project1_classification/Dataset/train/chickens/chickens173.jpg,2
745,/content/drive/Colab Notebooks/project1_classification/Dataset/train/chickens/chickens175.jpg,2
746,/content/drive/Colab Notebooks/project1_classification/Dataset/train/chickens/chickens176.jpg,2
747,/content/drive/Colab Notebooks/project1_classification/Dataset/train/chickens/chickens174.jpg,2
748,/content/drive/Colab Notebooks/project1_classification/Dataset/train/chickens/chickens181.jpg,2
749,/content/drive/Colab Notebooks/project1_classification/Dataset/train/chickens/chickens178.jpg,2
750,/content/drive/Colab Notebooks/project1_classification/Dataset/train/chickens/chickens182.jpg,2
751,/content/drive/Colab Notebooks/project1_classification/Dataset/train/chickens/chickens180.jpg,2
752,/content/drive/Colab Notebooks/project1_classification/Dataset/train/chickens/chickens177.jpg,2
753,/content/drive/Colab Notebooks/project1_classification/Dataset/train/chickens/chickens179.jpg,2
754,/content/drive/Colab Notebooks/project1_classification/Dataset/train/chickens/chickens183.jpg,2
755,/content/drive/Colab Notebooks/project1_classification/Dataset/train/chickens/chickens185.jpg,2
756,/content/drive/Colab Notebooks/project1_classification/Dataset/train/chickens/chickens186.jpg,2
757,/content/drive/Colab Notebooks/project1_classification/Dataset/train/chickens/chickens189.jpg,2
758,/content/drive/Colab Notebooks/project1_classification/Dataset/train/chickens/chickens188.jpg,2
759,/content/drive/Colab Notebooks/project1_classification/Dataset/train/chickens/chickens187.jpg,2
760,/content/drive/Colab Notebooks/project1_classification/Dataset/train/chickens/chickens191.jpg,2
761,/content/drive/Colab Notebooks/project1_classification/Dataset/train/chickens/chickens193.jpg,2
762,/content/drive/Colab Notebooks/project1_classification/Dataset/train/chickens/chickens192.jpg,2
763,/content/drive/Colab Notebooks/project1_classification/Dataset/train/chickens/chickens190.jpg,2
764,/content/drive/Colab Notebooks/project1_classification/Dataset/train/chickens/chickens194.jpg,2
765,/content/drive/Colab Notebooks/project1_classification/Dataset/train/chickens/chickens195.jpg,2
766,/content/drive/Colab Notebooks/project1_classification/Dataset/train/chickens/chickens196.jpg,2
767,/content/drive/Colab Notebooks/project1_classification/Dataset/train/chickens/chickens197.jpg,2
768,/content/drive/Colab Notebooks/project1_classification/Dataset/train/chickens/chickens198.jpg,2
769,/content/drive/Colab Notebooks/project1_classification/Dataset/train/chickens/chickens199.jpg,2
770,/content/drive/Colab Notebooks/project1_classification/Dataset/train/chickens/chickens200.jpg,2
771,/content/drive/Colab Notebooks/project1_classification/Dataset/train/chickens/chickens201.jpg,2
772,/content/drive/Colab Notebooks/project1_classification/Dataset/train/chickens/chickens202.jpg,2
773,/content/drive/Colab Notebooks/project1_classification/Dataset/train/chickens/chickens203.jpg,2
774,/content/drive/Colab Notebooks/project1_classification/Dataset/train/chickens/chickens204.jpg,2
775,/content/drive/Colab Notebooks/project1_classification/Dataset/train/chickens/chickens206.jpg,2
776,/content/drive/Colab Notebooks/project1_classification/Dataset/train/chickens/chickens205.jpg,2
777,/content/drive/Colab Notebooks/project1_classification/Dataset/train/chickens/chickens207.jpg,2
778,/content/drive/Colab Notebooks/project1_classification/Dataset/train/chickens/chickens208.jpg,2
779,/content/drive/Colab Notebooks/project1_classification/Dataset/train/chickens/chickens212.jpg,2
780,/content/drive/Colab Notebooks/project1_classification/Dataset/train/chickens/chickens011.jpg,2
781,/content/drive/Colab Notebooks/project1_classification/Dataset/train/chickens/chickens008.jpg,2
782,/content/drive/Colab Notebooks/project1_classification/Dataset/train/chickens/chickens009.jpg,2
783,/content/drive/Colab Notebooks/project1_classification/Dataset/train/chickens/chickens010.jpg,2
784,/content/drive/Colab Notebooks/project1_classification/Dataset/train/chickens/chickens012.jpg,2
785,/content/drive/Colab Notebooks/project1_classification/Dataset/train/chickens/chickens014.jpg,2
786,/content/drive/Colab Notebooks/project1_classification/Dataset/train/chickens/chickens013.jpg,2
787,/content/drive/Colab Notebooks/project1_classification/Dataset/train/chickens/chickens017.jpg,2
788,/content/drive/Colab Notebooks/project1_classification/Dataset/train/chickens/chickens015.jpg,2
789,/content/drive/Colab Notebooks/project1_classification/Dataset/train/chickens/chickens020.jpg,2
790,/content/drive/Colab Notebooks/project1_classification/Dataset/train/chickens/chickens018.jpg,2
791,/content/drive/Colab Notebooks/project1_classification/Dataset/train/chickens/chickens021.jpg,2
792,/content/drive/Colab Notebooks/project1_classification/Dataset/train/chickens/chickens019.jpg,2
793,/content/drive/Colab Notebooks/project1_classification/Dataset/train/chickens/chickens016.jpg,2
794,/content/drive/Colab Notebooks/project1_classification/Dataset/train/chickens/chickens022.jpg,2
795,/content/drive/Colab Notebooks/project1_classification/Dataset/train/chickens/chickens025.jpg,2
796,/content/drive/Colab Notebooks/project1_classification/Dataset/train/chickens/chickens024.jpg,2
797,/content/drive/Colab Notebooks/project1_classification/Dataset/train/chickens/chickens027.jpg,2
798,/content/drive/Colab Notebooks/project1_classification/Dataset/train/chickens/chickens026.jpg,2
799,/content/drive/Colab Notebooks/project1_classification/Dataset/train/chickens/chickens023.jpg,2
800,/content/drive/Colab Notebooks/project1_classification/Dataset/train/chickens/chickens029.jpg,2
801,/content/drive/Colab Notebooks/project1_classification/Dataset/train/chickens/chickens030.jpg,2
802,/content/drive/Colab Notebooks/project1_classification/Dataset/train/chickens/chickens031.jpg,2
803,/content/drive/Colab Notebooks/project1_classification/Dataset/train/chickens/chickens028.jpg,2
804,/content/drive/Colab Notebooks/project1_classification/Dataset/train/chickens/chickens032.jpg,2
805,/content/drive/Colab Notebooks/project1_classification/Dataset/train/chickens/chickens035.jpg,2
806,/content/drive/Colab Notebooks/project1_classification/Dataset/train/chickens/chickens036.jpg,2
807,/content/drive/Colab Notebooks/project1_classification/Dataset/train/chickens/chickens033.jpg,2
808,/content/drive/Colab Notebooks/project1_classification/Dataset/train/chickens/chickens034.jpg,2
809,/content/drive/Colab Notebooks/project1_classification/Dataset/train/chickens/chickens039.jpg,2
810,/content/drive/Colab Notebooks/project1_classification/Dataset/train/chickens/chickens040.jpg,2
811,/content/drive/Colab Notebooks/project1_classification/Dataset/train/chickens/chickens037.jpg,2
812,/content/drive/Colab Notebooks/project1_classification/Dataset/train/chickens/chickens041.jpg,2
813,/content/drive/Colab Notebooks/project1_classification/Dataset/train/chickens/chickens038.jpg,2
814,/content/drive/Colab Notebooks/project1_classification/Dataset/train/chickens/chickens042.jpg,2
815,/content/drive/Colab Notebooks/project1_classification/Dataset/train/chickens/chickens043.jpg,2
816,/content/drive/Colab Notebooks/project1_classification/Dataset/train/chickens/chickens044.jpg,2
817,/content/drive/Colab Notebooks/project1_classification/Dataset/train/chickens/chickens048.jpg,2
818,/content/drive/Colab Notebooks/project1_classification/Dataset/train/chickens/chickens045.jpg,2
819,/content/drive/Colab Notebooks/project1_classification/Dataset/train/chickens/chickens046.jpg,2
820,/content/drive/Colab Notebooks/project1_classification/Dataset/train/chickens/chickens049.jpg,2
821,/content/drive/Colab Notebooks/project1_classification/Dataset/train/chickens/chickens051.jpg,2
822,/content/drive/Colab Notebooks/project1_classification/Dataset/train/chickens/chickens047.jpg,2
823,/content/drive/Colab Notebooks/project1_classification/Dataset/train/chickens/chickens050.jpg,2
824,/content/drive/Colab Notebooks/project1_classification/Dataset/train/chickens/chickens052.jpg,2
825,/content/drive/Colab Notebooks/project1_classification/Dataset/train/chickens/chickens053.jpg,2
826,/content/drive/Colab Notebooks/project1_classification/Dataset/train/chickens/chickens056.jpg,2
827,/content/drive/Colab Notebooks/project1_classification/Dataset/train/chickens/chickens055.jpg,2
828,/content/drive/Colab Notebooks/project1_classification/Dataset/train/chickens/chickens054.jpg,2
829,/content/drive/Colab Notebooks/project1_classification/Dataset/train/chickens/chickens058.jpg,2
830,/content/drive/Colab Notebooks/project1_classification/Dataset/train/chickens/chickens060.jpg,2
831,/content/drive/Colab Notebooks/project1_classification/Dataset/train/chickens/chickens061.jpg,2
832,/content/drive/Colab Notebooks/project1_classification/Dataset/train/chickens/chickens059.jpg,2
833,/content/drive/Colab Notebooks/project1_classification/Dataset/train/chickens/chickens057.jpg,2
834,/content/drive/Colab Notebooks/project1_classification/Dataset/train/chickens/chickens062.jpg,2
835,/content/drive/Colab Notebooks/project1_classification/Dataset/train/chickens/chickens063.jpg,2
836,/content/drive/Colab Notebooks/project1_classification/Dataset/train/chickens/chickens065.jpg,2
837,/content/drive/Colab Notebooks/project1_classification/Dataset/train/chickens/chickens067.jpg,2
838,/content/drive/Colab Notebooks/project1_classification/Dataset/train/chickens/chickens064.jpg,2
839,/content/drive/Colab Notebooks/project1_classification/Dataset/train/chickens/chickens066.jpg,2
840,/content/drive/Colab Notebooks/project1_classification/Dataset/train/chickens/chickens069.jpg,2
841,/content/drive/Colab Notebooks/project1_classification/Dataset/train/chickens/chickens071.jpg,2
842,/content/drive/Colab Notebooks/project1_classification/Dataset/train/chickens/chickens070.jpg,2
843,/content/drive/Colab Notebooks/project1_classification/Dataset/train/chickens/chickens068.jpg,2
844,/content/drive/Colab Notebooks/project1_classification/Dataset/train/chickens/chickens072.jpg,2
845,/content/drive/Colab Notebooks/project1_classification/Dataset/train/chickens/chickens073.jpg,2
846,/content/drive/Colab Notebooks/project1_classification/Dataset/train/chickens/chickens074.jpg,2
847,/content/drive/Colab Notebooks/project1_classification/Dataset/train/chickens/chickens076.jpg,2
848,/content/drive/Colab Notebooks/project1_classification/Dataset/train/chickens/chickens075.jpg,2
849,/content/drive/Colab Notebooks/project1_classification/Dataset/train/chickens/chickens081.jpg,2
850,/content/drive/Colab Notebooks/project1_classification/Dataset/train/chickens/chickens078.jpg,2
851,/content/drive/Colab Notebooks/project1_classification/Dataset/train/chickens/chickens080.jpg,2
852,/content/drive/Colab Notebooks/project1_classification/Dataset/train/chickens/chickens079.jpg,2
853,/content/drive/Colab Notebooks/project1_classification/Dataset/train/chickens/chickens077.jpg,2
854,/content/drive/Colab Notebooks/project1_classification/Dataset/train/chickens/chickens082.jpg,2
855,/content/drive/Colab Notebooks/project1_classification/Dataset/train/chickens/chickens083.jpg,2
856,/content/drive/Colab Notebooks/project1_classification/Dataset/train/chickens/chickens085.jpg,2
857,/content/drive/Colab Notebooks/project1_classification/Dataset/train/chickens/chickens084.jpg,2
858,/content/drive/Colab Notebooks/project1_classification/Dataset/train/chickens/chickens088.jpg,2
859,/content/drive/Colab Notebooks/project1_classification/Dataset/train/chickens/chickens087.jpg,2
860,/content/drive/Colab Notebooks/project1_classification/Dataset/train/chickens/chickens086.jpg,2
861,/content/drive/Colab Notebooks/project1_classification/Dataset/train/chickens/chickens089.jpg,2
862,/content/drive/Colab Notebooks/project1_classification/Dataset/train/chickens/chickens090.jpg,2
863,/content/drive/Colab Notebooks/project1_classification/Dataset/train/chickens/chickens091.jpg,2
864,/content/drive/Colab Notebooks/project1_classification/Dataset/train/chickens/chickens092.jpg,2
865,/content/drive/Colab Notebooks/project1_classification/Dataset/train/chickens/chickens094.jpg,2
866,/content/drive/Colab Notebooks/project1_classification/Dataset/train/chickens/chickens095.jpg,2
867,/content/drive/Colab Notebooks/project1_classification/Dataset/train/chickens/chickens096.jpg,2
868,/content/drive/Colab Notebooks/project1_classification/Dataset/train/chickens/chickens093.jpg,2
869,/content/drive/Colab Notebooks/project1_classification/Dataset/train/chickens/chickens097.jpg,2
870,/content/drive/Colab Notebooks/project1_classification/Dataset/train/chickens/chickens099.jpg,2
871,/content/drive/Colab Notebooks/project1_classification/Dataset/train/chickens/chickens098.jpg,2
872,/content/drive/Colab Notebooks/project1_classification/Dataset/train/chickens/chickens101.jpg,2
873,/content/drive/Colab Notebooks/project1_classification/Dataset/train/chickens/chickens100.jpg,2
874,/content/drive/Colab Notebooks/project1_classification/Dataset/train/chickens/chickens102.jpg,2
875,/content/drive/Colab Notebooks/project1_classification/Dataset/train/chickens/chickens107.jpg,2
876,/content/drive/Colab Notebooks/project1_classification/Dataset/train/chickens/chickens104.jpg,2
877,/content/drive/Colab Notebooks/project1_classification/Dataset/train/chickens/chickens105.jpg,2
878,/content/drive/Colab Notebooks/project1_classification/Dataset/train/chickens/chickens103.jpg,2
879,/content/drive/Colab Notebooks/project1_classification/Dataset/train/chickens/chickens106.jpg,2
880,/content/drive/Colab Notebooks/project1_classification/Dataset/train/chickens/chickens168.jpg,2
881,/content/drive/Colab Notebooks/project1_classification/Dataset/train/chickens/chickens184.jpg,2
882,/content/drive/Colab Notebooks/project1_classification/Dataset/train/chickens/chickens001.jpg,2
883,/content/drive/Colab Notebooks/project1_classification/Dataset/train/chickens/chickens000.jpg,2
884,/content/drive/Colab Notebooks/project1_classification/Dataset/train/chickens/chickens002.jpg,2
885,/content/drive/Colab Notebooks/project1_classification/Dataset/train/chickens/chickens004.jpg,2
886,/content/drive/Colab Notebooks/project1_classification/Dataset/train/chickens/chickens003.jpg,2
887,/content/drive/Colab Notebooks/project1_classification/Dataset/train/chickens/chickens005.jpg,2
888,/content/drive/Colab Notebooks/project1_classification/Dataset/train/chickens/chickens007.jpg,2
889,/content/drive/Colab Notebooks/project1_classification/Dataset/train/chickens/chickens006.jpg,2
